id,ocupacionLaboral,mayorGradoInstruccion,tipo,created_at,updated_at
733,Administracion de Empresas,Educación universitaria completa,PF,2024-06-07  5:32:49,2024-06-07  5:32:49
734,Labores de casa,Educación secundaria completa,PF,2024-06-07  5:32:49,2024-06-07  5:32:49
735,Administracion de Empresas,Educación universitaria completa,PF,2024-06-07  5:32:49,2024-06-07  5:32:49
736,Bio-Quimica,Educación universitaria completa,PF,2024-06-07  5:32:49,2024-06-07  5:32:49
737,Agricultor,Educación secundaria completa,PF,2024-06-07  5:32:49,2024-06-07  5:32:49
738,Labores de casa,Educación secundaria completa,PF,2024-06-07  5:32:49,2024-06-07  5:32:49
739,Comerciante,Educación universitaria completa,PF,2024-06-07  5:32:49,2024-06-07  5:32:49
740,Comerciante,Educación secundaria completa,PF,2024-06-07  5:32:49,2024-06-07  5:32:49
741,Comerciante,Educación secundaria completa,PF,2024-06-07  5:32:49,2024-06-07  5:32:49
742,Comerciante,Educación secundaria completa,PF,2024-06-07  5:32:49,2024-06-07  5:32:49
743,Chofer,Educación secundaria completa,PF,2024-06-07  5:32:49,2024-06-07  5:32:49
744,Labores de casa,Educación universitaria completa,PF,2024-06-07  5:32:49,2024-06-07  5:32:49
745,Comerciante,Educación secundaria completa,PF,2024-06-07  5:32:49,2024-06-07  5:32:49
746,Labores de casa,Educación secundaria completa,PF,2024-06-07  5:32:49,2024-06-07  5:32:49
747,Docente,Educación universitaria completa,PF,2024-06-07  5:32:49,2024-06-07  5:32:49
748,Labores de casa,Educación universitaria completa,PF,2024-06-07  5:32:49,2024-06-07  5:32:49
749,Comerciante,Educación universitaria completa,PF,2024-06-07  5:32:49,2024-06-07  5:32:49
750,Comerciante,Educación universitaria completa,PF,2024-06-07  5:32:49,2024-06-07  5:32:49
751,Agropecuario,Educación secundaria completa,PF,2024-06-07  5:32:49,2024-06-07  5:32:49
752,Comerciante,Educación secundaria completa,PF,2024-06-07  5:32:49,2024-06-07  5:32:49
753,Arquitecto,Educación universitaria completa,PF,2024-06-07  5:32:49,2024-06-07  5:32:49
754,Labores de casa,Educación secundaria completa,PF,2024-06-07  5:32:49,2024-06-07  5:32:49
755,Comerciante,Educación universitaria completa,PF,2024-06-07  5:32:49,2024-06-07  5:32:49
756,Labores de casa,Educación secundaria completa,PF,2024-06-07  5:32:49,2024-06-07  5:32:49
757,Agricultor,Educación secundaria completa,PF,2024-06-07  5:32:49,2024-06-07  5:32:49
758,Reposteria,Educación secundaria completa,PF,2024-06-07  5:32:49,2024-06-07  5:32:49
759,Servidor Publico,Educación universitaria completa,PF,2024-06-07  5:32:49,2024-06-07  5:32:49
760,Labores de casa,Educación universitaria completa,PF,2024-06-07  5:32:49,2024-06-07  5:32:49
761,Mecanico,Educación primaria completa,PF,2024-06-07  5:32:49,2024-06-07  5:32:49
762,Administradora,Educación universitaria completa,PF,2024-06-07  5:32:49,2024-06-07  5:32:49
763,Agricultor,Educación secundaria completa,PF,2024-06-07  5:32:49,2024-06-07  5:32:49
764,Comerciante,Educación secundaria completa,PF,2024-06-07  5:32:49,2024-06-07  5:32:49
765,Administrador,Educación universitaria completa,PF,2024-06-07  5:32:49,2024-06-07  5:32:49
766,Labores de casa,Educación secundaria completa,PF,2024-06-07  5:32:49,2024-06-07  5:32:49
767,Chofer,Educación universitaria completa,PF,2024-06-07  5:32:49,2024-06-07  5:32:49
768,Comerciante,Educación secundaria completa,PF,2024-06-07  5:32:49,2024-06-07  5:32:49
769,Chofer,Educación secundaria completa,PF,2024-06-07  5:32:49,2024-06-07  5:32:49
770,Comerciante,Educación secundaria completa,PF,2024-06-07  5:32:49,2024-06-07  5:32:49
771,Agricultor,Educación universitaria completa,PF,2024-06-07  5:32:49,2024-06-07  5:32:49
772,Comerciante,Educación universitaria completa,PF,2024-06-07  5:32:49,2024-06-07  5:32:49
773,Avicultor,Educación secundaria completa,PF,2024-06-07  5:32:49,2024-06-07  5:32:49
774,Contadora,Educación universitaria completa,PF,2024-06-07  5:32:49,2024-06-07  5:32:49
775,Cajero,Educación técnica o vocacional completa,PF,2024-06-07  5:32:49,2024-06-07  5:32:49
776,Quimica,Educación universitaria completa,PF,2024-06-07  5:32:49,2024-06-07  5:32:49
777,Servidor Publico,Educación técnica o vocacional completa,PF,2024-06-07  5:32:49,2024-06-07  5:32:49
778,Labores de casa,Educación secundaria completa,PF,2024-06-07  5:32:49,2024-06-07  5:32:49
779,Chofer,Educación primaria completa,PF,2024-06-07  5:32:49,2024-06-07  5:32:49
780,Comerciante,Educación secundaria completa,PF,2024-06-07  5:32:49,2024-06-07  5:32:49
781,Agricultor,Educación secundaria completa,PF,2024-06-07  5:32:49,2024-06-07  5:32:49
782,Labores de casa,Educación técnica o vocacional completa,PF,2024-06-07  5:32:49,2024-06-07  5:32:49
783,Agricultor,Educación secundaria completa,PF,2024-06-07  5:32:49,2024-06-07  5:32:49
784,Bioquimica y farmacia,Educación universitaria completa,PF,2024-06-07  5:32:49,2024-06-07  5:32:49
785,Medico,Educación universitaria completa,PF,2024-06-07  5:32:49,2024-06-07  5:32:49
786,Labores de casa,Educación secundaria completa,PF,2024-06-07  5:32:49,2024-06-07  5:32:49
787,Agricultor,Educación secundaria completa,PF,2024-06-07  5:32:49,2024-06-07  5:32:49
788,Labores de casa,Educación secundaria completa,PF,2024-06-07  5:32:49,2024-06-07  5:32:49
789,Medico,Educación universitaria completa,PF,2024-06-07  5:32:49,2024-06-07  5:32:49
790,Labores de casa,Educación secundaria completa,PF,2024-06-07  5:32:49,2024-06-07  5:32:49
791,Odontologo,Educación universitaria completa,PF,2024-06-07  5:32:49,2024-06-07  5:32:49
792,Labores de casa,Educación universitaria completa,PF,2024-06-07  5:32:49,2024-06-07  5:32:49
793,Tornero,Educación técnica o vocacional completa,PF,2024-06-07  5:32:49,2024-06-07  5:32:49
794,Labores de casa,Educación secundaria completa,PF,2024-06-07  5:32:49,2024-06-07  5:32:49
795,Chofer,Educación universitaria completa,PF,2024-06-07  5:32:49,2024-06-07  5:32:49
796,Labores de casa,Educación universitaria completa,PF,2024-06-07  5:32:49,2024-06-07  5:32:49
797,Comerciante,Educación universitaria completa,PF,2024-06-07  5:32:49,2024-06-07  5:32:49
798,Labores de casa,Educación técnica o vocacional completa,PF,2024-06-07  5:32:49,2024-06-07  5:32:49
799,Agricultor,Educación secundaria completa,PF,2024-06-07  5:32:49,2024-06-07  5:32:49
800,Contador,Educación universitaria completa,PF,2024-06-07  5:32:49,2024-06-07  5:32:49
801,Agricultor,Educación primaria completa,PF,2024-06-07  5:32:49,2024-06-07  5:32:49
802,Docente,Educación universitaria completa,PF,2024-06-07  5:32:49,2024-06-07  5:32:49
803,Policia,Educación secundaria completa,PF,2024-06-07  5:32:49,2024-06-07  5:32:49
804,Labores de casa,Educación secundaria completa,PF,2024-06-07  5:32:49,2024-06-07  5:32:49
805,Comerciante,Educación universitaria completa,PF,2024-06-07  5:32:49,2024-06-07  5:32:49
806,Agricultor,Educación secundaria completa,PF,2024-06-07  5:32:49,2024-06-07  5:32:49
807,Comerciante,Educación universitaria completa,PF,2024-06-07  5:32:49,2024-06-07  5:32:49
808,Secretaria,Educación universitaria completa,PF,2024-06-07  5:32:49,2024-06-07  5:32:49
809,Bio-Quimica,Educación universitaria completa,PF,2024-06-07  5:32:49,2024-06-07  5:32:49
810,Labores de casa,Educación secundaria completa,PF,2024-06-07  5:32:49,2024-06-07  5:32:49
811,Agricultor,Educación secundaria completa,PF,2024-06-07  5:32:49,2024-06-07  5:32:49
812,Odontologo,Educación universitaria completa,PF,2024-06-07  5:32:49,2024-06-07  5:32:49
813,Servidor Publico,Educación universitaria completa,PF,2024-06-07  5:32:49,2024-06-07  5:32:49
814,Labores de casa,Educación secundaria completa,PF,2024-06-07  5:32:49,2024-06-07  5:32:49
815,Comerciante,Educación secundaria completa,PF,2024-06-07  5:32:49,2024-06-07  5:32:49
816,Labores de casa,Educación primaria completa,PF,2024-06-07  5:32:49,2024-06-07  5:32:49
817,Comerciante,Educación secundaria completa,PF,2024-06-07  5:32:49,2024-06-07  5:32:49
818,Labores de casa,Educación secundaria completa,PF,2024-06-07  5:32:49,2024-06-07  5:32:49
819,Agricultor,Educación secundaria completa,PF,2024-06-07  5:32:49,2024-06-07  5:32:49
820,Docente,Educación universitaria completa,PF,2024-06-07  5:32:49,2024-06-07  5:32:49
821,Agricultor,Educación secundaria completa,PF,2024-06-07  5:32:49,2024-06-07  5:32:49
822,Labores de casa,Educación secundaria completa,PF,2024-06-07  5:32:49,2024-06-07  5:32:49
823,Chofer,Educación secundaria completa,PF,2024-06-07  5:32:49,2024-06-07  5:32:49
824,Labores de casa,Educación secundaria completa,PF,2024-06-07  5:32:49,2024-06-07  5:32:49
825,Servidor Publico,Educación universitaria completa,PF,2024-06-07  5:32:49,2024-06-07  5:32:49
826,Comerciante,Educación secundaria completa,PF,2024-06-07  5:32:49,2024-06-07  5:32:49
827,Agricultor,Educación secundaria completa,PF,2024-06-07  5:32:49,2024-06-07  5:32:49
828,Comerciante,Educación secundaria completa,PF,2024-06-07  5:32:49,2024-06-07  5:32:49
829,Transportista,Educación universitaria completa,PF,2024-06-07  5:32:49,2024-06-07  5:32:49
830,Labores de casa,Educación secundaria completa,PF,2024-06-07  5:32:49,2024-06-07  5:32:49
831,Transportista,Educación primaria completa,PF,2024-06-07  5:32:49,2024-06-07  5:32:49
832,Notario,Educación universitaria completa,PF,2024-06-07  5:32:49,2024-06-07  5:32:49
833,Comerciante,Educación primaria completa,PF,2024-06-07  5:32:49,2024-06-07  5:32:49
834,Comerciante,Educación técnica o vocacional completa,PF,2024-06-07  5:32:49,2024-06-07  5:32:49
835,Agricultor,Educación primaria completa,PF,2024-06-07  5:32:49,2024-06-07  5:32:49
836,bioquimica,Educación universitaria completa,PF,2024-06-07  5:32:49,2024-06-07  5:32:49
837,Chofer,Educación secundaria completa,PF,2024-06-07  5:32:49,2024-06-07  5:32:49
838,Relaciones Publicas,Educación universitaria completa,PF,2024-06-07  5:32:49,2024-06-07  5:32:49
839,Comerciante,Educación universitaria completa,PF,2024-06-07  5:32:49,2024-06-07  5:32:49
840,Profesora,Educación universitaria completa,PF,2024-06-07  5:32:49,2024-06-07  5:32:49
841,Comerciante,Educación universitaria completa,PF,2024-06-07  5:32:49,2024-06-07  5:32:49
842,Labores de casa,Educación primaria completa,PF,2024-06-07  5:32:49,2024-06-07  5:32:49
843,Medico,Educación universitaria completa,PF,2024-06-07  5:32:49,2024-06-07  5:32:49
844,Comerciante,Educación universitaria completa,PF,2024-06-07  5:32:49,2024-06-07  5:32:49
845,Veterinario,Educación universitaria completa,PF,2024-06-07  5:32:49,2024-06-07  5:32:49
846,Comerciante,Educación universitaria completa,PF,2024-06-07  5:32:49,2024-06-07  5:32:49
847,Medico,Educación técnica o vocacional completa,PF,2024-06-07  5:32:49,2024-06-07  5:32:49
848,Asesor de seguros,Educación universitaria completa,PF,2024-06-07  5:32:49,2024-06-07  5:32:49
849,Agricultor,Educación secundaria completa,PF,2024-06-07  5:32:49,2024-06-07  5:32:49
850,Labores de casa,Educación técnica o vocacional completa,PF,2024-06-07  5:32:49,2024-06-07  5:32:49
851,Agricultor,Educación secundaria completa,PF,2024-06-07  5:32:49,2024-06-07  5:32:49
852,Profesora,Educación técnica o vocacional completa,PF,2024-06-07  5:32:49,2024-06-07  5:32:49
853,Chofer,Educación primaria completa,PF,2024-06-07  5:32:49,2024-06-07  5:32:49
854,Comerciante,Educación secundaria completa,PF,2024-06-07  5:32:49,2024-06-07  5:32:49
855,Agricultor,Educación secundaria completa,PF,2024-06-07  5:32:49,2024-06-07  5:32:49
856,contadora,Educación universitaria completa,PF,2024-06-07  5:32:49,2024-06-07  5:32:49
857,Profesor ,Educación técnica o vocacional completa,PF,2024-06-07  5:32:49,2024-06-07  5:32:49
858,Labores de casa,Educación secundaria completa,PF,2024-06-07  5:32:49,2024-06-07  5:32:49
859,Comerciante,Educación universitaria completa,PF,2024-06-07  5:32:49,2024-06-07  5:32:49
860,Labores de casa,Educación universitaria completa,PF,2024-06-07  5:32:49,2024-06-07  5:32:49
861,Agricultor,Educación secundaria completa,PF,2024-06-07  5:32:49,2024-06-07  5:32:49
862,Labores de casa,Educación secundaria completa,PF,2024-06-07  5:32:49,2024-06-07  5:32:49
863,Docente,Educación universitaria completa,PF,2024-06-07  5:32:49,2024-06-07  5:32:49
864,Modista,Educación secundaria completa,PF,2024-06-07  5:32:49,2024-06-07  5:32:49
865,Comerciante,Educación secundaria completa,PF,2024-06-07  5:32:49,2024-06-07  5:32:49
866,Labores de casa,Educación secundaria completa,PF,2024-06-07  5:32:49,2024-06-07  5:32:49
867,Odontologo,Educación universitaria completa,PF,2024-06-07  5:32:49,2024-06-07  5:32:49
868,ABOGADA,Educación universitaria completa,PF,2024-06-07  5:32:49,2024-06-07  5:32:49
869,Chofer,Educación secundaria completa,PF,2024-06-07  5:32:49,2024-06-07  5:32:49
870,Profesora,Educación técnica o vocacional completa,PF,2024-06-07  5:32:49,2024-06-07  5:32:49
871,Comerciante,Educación secundaria completa,PF,2024-06-07  5:32:49,2024-06-07  5:32:49
872,Auditora,Educación universitaria completa,PF,2024-06-07  5:32:49,2024-06-07  5:32:49
873,Transportista,Educación secundaria completa,PF,2024-06-07  5:32:49,2024-06-07  5:32:49
874,Comerciante,Educación secundaria completa,PF,2024-06-07  5:32:49,2024-06-07  5:32:49
875,Administrador,Educación universitaria completa,PF,2024-06-07  5:32:49,2024-06-07  5:32:49
876,Bio-Quimica,Educación técnica o vocacional completa,PF,2024-06-07  5:32:49,2024-06-07  5:32:49
877,Servidor Publico,Educación técnica o vocacional completa,PF,2024-06-07  5:32:49,2024-06-07  5:32:49
878,Bio-Quimica,Educación universitaria completa,PF,2024-06-07  5:32:49,2024-06-07  5:32:49
879,Agricultor,Educación secundaria completa,PF,2024-06-07  5:32:49,2024-06-07  5:32:49
880,Chef,Educación universitaria completa,PF,2024-06-07  5:32:49,2024-06-07  5:32:49
881,Agricultor,Educación secundaria completa,PF,2024-06-07  5:32:49,2024-06-07  5:32:49
882,Comerciante,Educación secundaria completa,PF,2024-06-07  5:32:49,2024-06-07  5:32:49
883,Obrero,Educación secundaria completa,PF,2024-06-07  5:32:49,2024-06-07  5:32:49
884,Labores de casa,Educación secundaria completa,PF,2024-06-07  5:32:49,2024-06-07  5:32:49
885,Contratista,Educación universitaria completa,PF,2024-06-07  5:32:49,2024-06-07  5:32:49
886,Comerciante,Educación universitaria completa,PF,2024-06-07  5:32:49,2024-06-07  5:32:49
887,Contador General,Educación técnica o vocacional completa,PF,2024-06-07  5:32:49,2024-06-07  5:32:49
888,Odontologo,Educación universitaria completa,PF,2024-06-07  5:32:49,2024-06-07  5:32:49
889,Comerciante,Educación secundaria completa,PF,2024-06-07  5:32:49,2024-06-07  5:32:49
890,Doctora,Educación universitaria completa,PF,2024-06-07  5:32:49,2024-06-07  5:32:49
891,Comerciante,Educación secundaria completa,PF,2024-06-07  5:32:49,2024-06-07  5:32:49
892,Labores de casa,Educación secundaria completa,PF,2024-06-07  5:32:49,2024-06-07  5:32:49
893,Comerciante,Educación universitaria completa,PF,2024-06-07  5:32:49,2024-06-07  5:32:49
894,Labores de casa,Educación universitaria completa,PF,2024-06-07  5:32:49,2024-06-07  5:32:49
895,Medico,Educación universitaria completa,PF,2024-06-07  5:32:49,2024-06-07  5:32:49
896,Labores de casa,Educación secundaria completa,PF,2024-06-07  5:32:49,2024-06-07  5:32:49
897,Artesano,Educación secundaria completa,PF,2024-06-07  5:32:49,2024-06-07  5:32:49
898,Contadora,Educación técnica o vocacional completa,PF,2024-06-07  5:32:49,2024-06-07  5:32:49
899,Agricultor,Educación secundaria completa,PF,2024-06-07  5:32:49,2024-06-07  5:32:49
900,Comerciante,Educación secundaria completa,PF,2024-06-07  5:32:49,2024-06-07  5:32:49
901,Chofer,Educación secundaria completa,PF,2024-06-07  5:32:49,2024-06-07  5:32:49
902,Labores de casa,Educación secundaria completa,PF,2024-06-07  5:32:49,2024-06-07  5:32:49
903,Agricultor,Educación secundaria completa,PF,2024-06-07  5:32:49,2024-06-07  5:32:49
904,Labores de casa,Educación universitaria completa,PF,2024-06-07  5:32:49,2024-06-07  5:32:49
905,Medico,Educación universitaria completa,PF,2024-06-07  5:32:49,2024-06-07  5:32:49
906,Labores de casa,Educación secundaria completa,PF,2024-06-07  5:32:49,2024-06-07  5:32:49
907,Comerciante,Educación secundaria completa,PF,2024-06-07  5:32:49,2024-06-07  5:32:49
908,Agricultor,Educación secundaria completa,PF,2024-06-07  5:32:49,2024-06-07  5:32:49
909,Agricultor,Educación secundaria completa,PF,2024-06-07  5:32:49,2024-06-07  5:32:49
910,Comerciante,Educación universitaria completa,PF,2024-06-07  5:32:49,2024-06-07  5:32:49
911,Chofer,Educación técnica o vocacional completa,PF,2024-06-07  5:32:49,2024-06-07  5:32:49
912,Administrador de Empresas,Educación universitaria completa,PF,2024-06-07  5:32:49,2024-06-07  5:32:49
913,Bio-Quimica,Educación universitaria completa,PF,2024-06-07  5:32:49,2024-06-07  5:32:49
914,Labores de casa,Educación secundaria completa,PF,2024-06-07  5:32:49,2024-06-07  5:32:49
915,Comerciante,Educación técnica o vocacional completa,PF,2024-06-07  5:32:49,2024-06-07  5:32:49
916,Labores de casa,Educación secundaria completa,PF,2024-06-07  5:32:49,2024-06-07  5:32:49
917,Agricultor,Educación secundaria completa,PF,2024-06-07  5:32:49,2024-06-07  5:32:49
918,Comerciante,Educación secundaria completa,PF,2024-06-07  5:32:49,2024-06-07  5:32:49
919,Agricultor,Educación secundaria completa,PF,2024-06-07  5:32:49,2024-06-07  5:32:49
920,Labores de casa,Educación secundaria completa,PF,2024-06-07  5:32:49,2024-06-07  5:32:49
921,Agricola,Educación universitaria completa,PF,2024-06-07  5:32:49,2024-06-07  5:32:49
922,Labores de casa,Educación secundaria completa,PF,2024-06-07  5:32:49,2024-06-07  5:32:49
923,Agricultor,Educación secundaria completa,PF,2024-06-07  5:32:49,2024-06-07  5:32:49
924,Comerciante,Educación secundaria completa,PF,2024-06-07  5:32:49,2024-06-07  5:32:49
925,Comerciante,Educación secundaria completa,PF,2024-06-07  5:32:49,2024-06-07  5:32:49
926,Profesora,Educación universitaria completa,PF,2024-06-07  5:32:49,2024-06-07  5:32:49
927,Chofer,Educación secundaria completa,PF,2024-06-07  5:32:49,2024-06-07  5:32:49
928,Labores de casa,Educación universitaria completa,PF,2024-06-07  5:32:49,2024-06-07  5:32:49
929,Mecanico,Educación técnica o vocacional completa,PF,2024-06-07  5:32:49,2024-06-07  5:32:49
930,Odontologia,Educación universitaria completa,PF,2024-06-07  5:32:49,2024-06-07  5:32:49
931,Agricultor,Educación secundaria completa,PF,2024-06-07  5:32:49,2024-06-07  5:32:49
932,Labores de casa,Educación primaria completa,PF,2024-06-07  5:32:49,2024-06-07  5:32:49
933,Telecomunicacion,Educación técnica o vocacional completa,PF,2024-06-07  5:32:49,2024-06-07  5:32:49
934,Labores de casa,Educación secundaria completa,PF,2024-06-07  5:32:49,2024-06-07  5:32:49
935,Mecanico,Educación técnica o vocacional completa,PF,2024-06-07  5:32:49,2024-06-07  5:32:49
936,Comerciante,Educación universitaria completa,PF,2024-06-07  5:32:49,2024-06-07  5:32:49
937,Comerciante,Educación secundaria completa,PF,2024-06-07  5:32:49,2024-06-07  5:32:49
938,Comerciante,Educación secundaria completa,PF,2024-06-07  5:32:49,2024-06-07  5:32:49
939,Agricola,Educación secundaria completa,PF,2024-06-07  5:32:49,2024-06-07  5:32:49
940,Labores de casa,Educación técnica o vocacional completa,PF,2024-06-07  5:32:49,2024-06-07  5:32:49
941,Transportista,Educación técnica o vocacional completa,PF,2024-06-07  5:32:49,2024-06-07  5:32:49
942,Labores de casa,Educación secundaria completa,PF,2024-06-07  5:32:49,2024-06-07  5:32:49
943,Administracion de Empresas,Educación universitaria completa,PF,2024-06-07  5:32:49,2024-06-07  5:32:49
944,Bio-Quimica,Educación universitaria completa,PF,2024-06-07  5:32:49,2024-06-07  5:32:49
945,Administracion de Empresas,Educación universitaria completa,PF,2024-06-07  5:32:49,2024-06-07  5:32:49
946,Labores de casa,Educación secundaria completa,PF,2024-06-07  5:32:49,2024-06-07  5:32:49
947,Agricultor,Educación secundaria completa,PF,2024-06-07  5:32:49,2024-06-07  5:32:49
948,Comerciante,Educación secundaria completa,PF,2024-06-07  5:32:49,2024-06-07  5:32:49
949,Comerciante,Educación universitaria completa,PF,2024-06-07  5:32:49,2024-06-07  5:32:49
950,Comerciante,Educación secundaria completa,PF,2024-06-07  5:32:49,2024-06-07  5:32:49
951,Comerciante,Educación secundaria completa,PF,2024-06-07  5:32:49,2024-06-07  5:32:49
952,Labores de casa,Educación universitaria completa,PF,2024-06-07  5:32:49,2024-06-07  5:32:49
953,Chofer,Educación secundaria completa,PF,2024-06-07  5:32:49,2024-06-07  5:32:49
954,Labores de casa,Educación secundaria completa,PF,2024-06-07  5:32:49,2024-06-07  5:32:49
955,Comerciante,Educación secundaria completa,PF,2024-06-07  5:32:49,2024-06-07  5:32:49
956,Labores de casa,Educación universitaria completa,PF,2024-06-07  5:32:49,2024-06-07  5:32:49
957,Docente,Educación universitaria completa,PF,2024-06-07  5:32:49,2024-06-07  5:32:49
958,Comerciante,Educación universitaria completa,PF,2024-06-07  5:32:49,2024-06-07  5:32:49
959,Comerciante,Educación universitaria completa,PF,2024-06-07  5:32:49,2024-06-07  5:32:49
960,Comerciante,Educación secundaria completa,PF,2024-06-07  5:32:49,2024-06-07  5:32:49
961,Agropecuario,Educación secundaria completa,PF,2024-06-07  5:32:49,2024-06-07  5:32:49
962,Labores de casa,Educación secundaria completa,PF,2024-06-07  5:32:49,2024-06-07  5:32:49
963,Arquitecto,Educación universitaria completa,PF,2024-06-07  5:32:49,2024-06-07  5:32:49
964,Labores de casa,Educación secundaria completa,PF,2024-06-07  5:32:49,2024-06-07  5:32:49
965,Comerciante,Educación universitaria completa,PF,2024-06-07  5:32:49,2024-06-07  5:32:49
966,Reposteria,Educación secundaria completa,PF,2024-06-07  5:32:49,2024-06-07  5:32:49
967,Agricultor,Educación secundaria completa,PF,2024-06-07  5:32:49,2024-06-07  5:32:49
968,Labores de casa,Educación universitaria completa,PF,2024-06-07  5:32:49,2024-06-07  5:32:49
969,Servidor Publico,Educación universitaria completa,PF,2024-06-07  5:32:49,2024-06-07  5:32:49
970,Administradora,Educación universitaria completa,PF,2024-06-07  5:32:49,2024-06-07  5:32:49
971,Mecanico,Educación primaria completa,PF,2024-06-07  5:32:49,2024-06-07  5:32:49
972,Comerciante,Educación secundaria completa,PF,2024-06-07  5:32:49,2024-06-07  5:32:49
973,Agricultor,Educación secundaria completa,PF,2024-06-07  5:32:49,2024-06-07  5:32:49
974,Labores de casa,Educación secundaria completa,PF,2024-06-07  5:32:49,2024-06-07  5:32:49
975,Administrador,Educación universitaria completa,PF,2024-06-07  5:32:49,2024-06-07  5:32:49
976,Comerciante,Educación secundaria completa,PF,2024-06-07  5:32:49,2024-06-07  5:32:49
977,Chofer,Educación universitaria completa,PF,2024-06-07  5:32:49,2024-06-07  5:32:49
978,Comerciante,Educación secundaria completa,PF,2024-06-07  5:32:49,2024-06-07  5:32:49
979,Chofer,Educación secundaria completa,PF,2024-06-07  5:32:49,2024-06-07  5:32:49
980,Comerciante,Educación universitaria completa,PF,2024-06-07  5:32:49,2024-06-07  5:32:49
981,Agricultor,Educación universitaria completa,PF,2024-06-07  5:32:49,2024-06-07  5:32:49
982,Contadora,Educación universitaria completa,PF,2024-06-07  5:32:49,2024-06-07  5:32:49
983,Avicultor,Educación secundaria completa,PF,2024-06-07  5:32:49,2024-06-07  5:32:49
984,Quimica,Educación universitaria completa,PF,2024-06-07  5:32:49,2024-06-07  5:32:49
985,Cajero,Educación técnica o vocacional completa,PF,2024-06-07  5:32:49,2024-06-07  5:32:49
986,Labores de casa,Educación secundaria completa,PF,2024-06-07  5:32:49,2024-06-07  5:32:49
987,Servidor Publico,Educación técnica o vocacional completa,PF,2024-06-07  5:32:49,2024-06-07  5:32:49
988,Comerciante,Educación secundaria completa,PF,2024-06-07  5:32:49,2024-06-07  5:32:49
989,Chofer,Educación primaria completa,PF,2024-06-07  5:32:49,2024-06-07  5:32:49
990,Labores de casa,Educación técnica o vocacional completa,PF,2024-06-07  5:32:49,2024-06-07  5:32:49
991,Agricultor,Educación secundaria completa,PF,2024-06-07  5:32:49,2024-06-07  5:32:49
992,Bioquimica y farmacia,Educación universitaria completa,PF,2024-06-07  5:32:49,2024-06-07  5:32:49
993,Agricultor,Educación secundaria completa,PF,2024-06-07  5:32:49,2024-06-07  5:32:49
994,Labores de casa,Educación secundaria completa,PF,2024-06-07  5:32:49,2024-06-07  5:32:49
995,Medico,Educación universitaria completa,PF,2024-06-07  5:32:49,2024-06-07  5:32:49
996,Labores de casa,Educación secundaria completa,PF,2024-06-07  5:32:49,2024-06-07  5:32:49
997,Agricultor,Educación secundaria completa,PF,2024-06-07  5:32:49,2024-06-07  5:32:49
998,Labores de casa,Educación secundaria completa,PF,2024-06-07  5:32:49,2024-06-07  5:32:49
999,Medico,Educación universitaria completa,PF,2024-06-07  5:32:49,2024-06-07  5:32:49
1000,Labores de casa,Educación universitaria completa,PF,2024-06-07  5:32:49,2024-06-07  5:32:49
1001,Odontologo,Educación universitaria completa,PF,2024-06-07  5:32:49,2024-06-07  5:32:49
1002,Labores de casa,Educación secundaria completa,PF,2024-06-07  5:32:49,2024-06-07  5:32:49
1003,Tornero,Educación técnica o vocacional completa,PF,2024-06-07  5:32:49,2024-06-07  5:32:49
1004,Labores de casa,Educación universitaria completa,PF,2024-06-07  5:32:49,2024-06-07  5:32:49
1005,Chofer,Educación universitaria completa,PF,2024-06-07  5:32:49,2024-06-07  5:32:49
1006,Labores de casa,Educación técnica o vocacional completa,PF,2024-06-07  5:32:49,2024-06-07  5:32:49
1007,Comerciante,Educación universitaria completa,PF,2024-06-07  5:32:49,2024-06-07  5:32:49
1008,Contador,Educación universitaria completa,PF,2024-06-07  5:32:49,2024-06-07  5:32:49
1009,Agricultor,Educación secundaria completa,PF,2024-06-07  5:32:49,2024-06-07  5:32:49
1010,Docente,Educación universitaria completa,PF,2024-06-07  5:32:49,2024-06-07  5:32:49
1011,Agricultor,Educación primaria completa,PF,2024-06-07  5:32:49,2024-06-07  5:32:49
1012,Labores de casa,Educación secundaria completa,PF,2024-06-07  5:32:49,2024-06-07  5:32:49
1013,Policia,Educación secundaria completa,PF,2024-06-07  5:32:49,2024-06-07  5:32:49
1014,Agricultor,Educación secundaria completa,PF,2024-06-07  5:32:49,2024-06-07  5:32:49
1015,Comerciante,Educación universitaria completa,PF,2024-06-07  5:32:49,2024-06-07  5:32:49
1016,Secretaria,Educación universitaria completa,PF,2024-06-07  5:32:49,2024-06-07  5:32:49
1017,Comerciante,Educación universitaria completa,PF,2024-06-07  5:32:49,2024-06-07  5:32:49
1018,Labores de casa,Educación secundaria completa,PF,2024-06-07  5:32:49,2024-06-07  5:32:49
1019,Bio-Quimica,Educación universitaria completa,PF,2024-06-07  5:32:49,2024-06-07  5:32:49
1020,Odontologo,Educación universitaria completa,PF,2024-06-07  5:32:49,2024-06-07  5:32:49
1021,Agricultor,Educación secundaria completa,PF,2024-06-07  5:32:49,2024-06-07  5:32:49
1022,Labores de casa,Educación secundaria completa,PF,2024-06-07  5:32:49,2024-06-07  5:32:49
1023,Servidor Publico,Educación universitaria completa,PF,2024-06-07  5:32:49,2024-06-07  5:32:49
1024,Labores de casa,Educación primaria completa,PF,2024-06-07  5:32:49,2024-06-07  5:32:49
1025,Comerciante,Educación secundaria completa,PF,2024-06-07  5:32:49,2024-06-07  5:32:49
1026,Labores de casa,Educación secundaria completa,PF,2024-06-07  5:32:49,2024-06-07  5:32:49
1027,Comerciante,Educación secundaria completa,PF,2024-06-07  5:32:49,2024-06-07  5:32:49
1028,Docente,Educación universitaria completa,PF,2024-06-07  5:32:49,2024-06-07  5:32:49
1029,Agricultor,Educación secundaria completa,PF,2024-06-07  5:32:49,2024-06-07  5:32:49
1030,Labores de casa,Educación secundaria completa,PF,2024-06-07  5:32:49,2024-06-07  5:32:49
1031,Agricultor,Educación secundaria completa,PF,2024-06-07  5:32:49,2024-06-07  5:32:49
1032,Labores de casa,Educación secundaria completa,PF,2024-06-07  5:32:49,2024-06-07  5:32:49
1033,Chofer,Educación secundaria completa,PF,2024-06-07  5:32:49,2024-06-07  5:32:49
1034,Comerciante,Educación secundaria completa,PF,2024-06-07  5:32:49,2024-06-07  5:32:49
1035,Servidor Publico,Educación universitaria completa,PF,2024-06-07  5:32:49,2024-06-07  5:32:49
1036,Comerciante,Educación secundaria completa,PF,2024-06-07  5:32:49,2024-06-07  5:32:49
1037,Agricultor,Educación secundaria completa,PF,2024-06-07  5:32:49,2024-06-07  5:32:49
1038,Labores de casa,Educación secundaria completa,PF,2024-06-07  5:32:49,2024-06-07  5:32:49
1039,Transportista,Educación universitaria completa,PF,2024-06-07  5:32:49,2024-06-07  5:32:49
1040,Notario,Educación universitaria completa,PF,2024-06-07  5:32:49,2024-06-07  5:32:49
1041,Transportista,Educación primaria completa,PF,2024-06-07  5:32:49,2024-06-07  5:32:49
1042,Comerciante,Educación técnica o vocacional completa,PF,2024-06-07  5:32:49,2024-06-07  5:32:49
1043,Comerciante,Educación primaria completa,PF,2024-06-07  5:32:49,2024-06-07  5:32:49
1044,bioquimica,Educación universitaria completa,PF,2024-06-07  5:32:49,2024-06-07  5:32:49
1045,Agricultor,Educación primaria completa,PF,2024-06-07  5:32:49,2024-06-07  5:32:49
1046,Relaciones Publicas,Educación universitaria completa,PF,2024-06-07  5:32:49,2024-06-07  5:32:49
1047,Chofer,Educación secundaria completa,PF,2024-06-07  5:32:49,2024-06-07  5:32:49
1048,Profesora,Educación universitaria completa,PF,2024-06-07  5:32:49,2024-06-07  5:32:49
1049,Comerciante,Educación universitaria completa,PF,2024-06-07  5:32:49,2024-06-07  5:32:49
1050,Labores de casa,Educación primaria completa,PF,2024-06-07  5:32:49,2024-06-07  5:32:49
1051,Comerciante,Educación universitaria completa,PF,2024-06-07  5:32:49,2024-06-07  5:32:49
1052,Comerciante,Educación universitaria completa,PF,2024-06-07  5:32:49,2024-06-07  5:32:49
1053,Medico,Educación universitaria completa,PF,2024-06-07  5:32:49,2024-06-07  5:32:49
1054,Comerciante,Educación universitaria completa,PF,2024-06-07  5:32:49,2024-06-07  5:32:49
1055,Veterinario,Educación universitaria completa,PF,2024-06-07  5:32:49,2024-06-07  5:32:49
1056,Asesor de seguros,Educación universitaria completa,PF,2024-06-07  5:32:49,2024-06-07  5:32:49
1057,Medico,Educación técnica o vocacional completa,PF,2024-06-07  5:32:49,2024-06-07  5:32:49
1058,Labores de casa,Educación técnica o vocacional completa,PF,2024-06-07  5:32:49,2024-06-07  5:32:49
1059,Agricultor,Educación secundaria completa,PF,2024-06-07  5:32:49,2024-06-07  5:32:49
1060,Profesora,Educación técnica o vocacional completa,PF,2024-06-07  5:32:49,2024-06-07  5:32:49
1061,Agricultor,Educación secundaria completa,PF,2024-06-07  5:32:49,2024-06-07  5:32:49
1062,Comerciante,Educación secundaria completa,PF,2024-06-07  5:32:49,2024-06-07  5:32:49
1063,Chofer,Educación primaria completa,PF,2024-06-07  5:32:49,2024-06-07  5:32:49
1064,contadora,Educación universitaria completa,PF,2024-06-07  5:32:49,2024-06-07  5:32:49
1065,Agricultor,Educación secundaria completa,PF,2024-06-07  5:32:49,2024-06-07  5:32:49
1066,Labores de casa,Educación secundaria completa,PF,2024-06-07  5:32:49,2024-06-07  5:32:49
1067,Profesor ,Educación técnica o vocacional completa,PF,2024-06-07  5:32:49,2024-06-07  5:32:49
1068,Labores de casa,Educación universitaria completa,PF,2024-06-07  5:32:49,2024-06-07  5:32:49
1069,Comerciante,Educación universitaria completa,PF,2024-06-07  5:32:49,2024-06-07  5:32:49
1070,Labores de casa,Educación secundaria completa,PF,2024-06-07  5:32:49,2024-06-07  5:32:49
1071,Agricultor,Educación secundaria completa,PF,2024-06-07  5:32:49,2024-06-07  5:32:49
1072,Modista,Educación secundaria completa,PF,2024-06-07  5:32:49,2024-06-07  5:32:49
1073,Docente,Educación universitaria completa,PF,2024-06-07  5:32:49,2024-06-07  5:32:49
1074,Labores de casa,Educación secundaria completa,PF,2024-06-07  5:32:49,2024-06-07  5:32:49
1075,Comerciante,Educación secundaria completa,PF,2024-06-07  5:32:49,2024-06-07  5:32:49
1076,ABOGADA,Educación universitaria completa,PF,2024-06-07  5:32:49,2024-06-07  5:32:49
1077,Odontologo,Educación universitaria completa,PF,2024-06-07  5:32:49,2024-06-07  5:32:49
1078,Profesora,Educación técnica o vocacional completa,PF,2024-06-07  5:32:49,2024-06-07  5:32:49
1079,Chofer,Educación secundaria completa,PF,2024-06-07  5:32:49,2024-06-07  5:32:49
1080,Auditora,Educación universitaria completa,PF,2024-06-07  5:32:49,2024-06-07  5:32:49
1081,Comerciante,Educación secundaria completa,PF,2024-06-07  5:32:49,2024-06-07  5:32:49
1082,Comerciante,Educación secundaria completa,PF,2024-06-07  5:32:49,2024-06-07  5:32:49
1083,Transportista,Educación secundaria completa,PF,2024-06-07  5:32:49,2024-06-07  5:32:49
1084,Bio-Quimica,Educación técnica o vocacional completa,PF,2024-06-07  5:32:49,2024-06-07  5:32:49
1085,Administrador,Educación universitaria completa,PF,2024-06-07  5:32:49,2024-06-07  5:32:49
1086,Bio-Quimica,Educación universitaria completa,PF,2024-06-07  5:32:49,2024-06-07  5:32:49
1087,Servidor Publico,Educación técnica o vocacional completa,PF,2024-06-07  5:32:49,2024-06-07  5:32:49
1088,Chef,Educación universitaria completa,PF,2024-06-07  5:32:49,2024-06-07  5:32:49
1089,Agricultor,Educación secundaria completa,PF,2024-06-07  5:32:49,2024-06-07  5:32:49
1090,Comerciante,Educación secundaria completa,PF,2024-06-07  5:32:49,2024-06-07  5:32:49
1091,Agricultor,Educación secundaria completa,PF,2024-06-07  5:32:49,2024-06-07  5:32:49
1092,Labores de casa,Educación secundaria completa,PF,2024-06-07  5:32:49,2024-06-07  5:32:49
1093,Obrero,Educación secundaria completa,PF,2024-06-07  5:32:49,2024-06-07  5:32:49
1094,Comerciante,Educación universitaria completa,PF,2024-06-07  5:32:49,2024-06-07  5:32:49
1095,Contratista,Educación universitaria completa,PF,2024-06-07  5:32:49,2024-06-07  5:32:49
1096,Odontologo,Educación universitaria completa,PF,2024-06-07  5:32:49,2024-06-07  5:32:49
1097,Contador General,Educación técnica o vocacional completa,PF,2024-06-07  5:32:49,2024-06-07  5:32:49
1098,Doctora,Educación universitaria completa,PF,2024-06-07  5:32:49,2024-06-07  5:32:49
1099,Comerciante,Educación secundaria completa,PF,2024-06-07  5:32:49,2024-06-07  5:32:49
1100,Labores de casa,Educación secundaria completa,PF,2024-06-07  5:32:49,2024-06-07  5:32:49
1101,Comerciante,Educación secundaria completa,PF,2024-06-07  5:32:49,2024-06-07  5:32:49
1102,Labores de casa,Educación universitaria completa,PF,2024-06-07  5:32:49,2024-06-07  5:32:49
1103,Comerciante,Educación universitaria completa,PF,2024-06-07  5:32:49,2024-06-07  5:32:49
1104,Labores de casa,Educación secundaria completa,PF,2024-06-07  5:32:49,2024-06-07  5:32:49
1105,Medico,Educación universitaria completa,PF,2024-06-07  5:32:49,2024-06-07  5:32:49
1106,Contadora,Educación técnica o vocacional completa,PF,2024-06-07  5:32:49,2024-06-07  5:32:49
1107,Artesano,Educación secundaria completa,PF,2024-06-07  5:32:49,2024-06-07  5:32:49
1108,Comerciante,Educación secundaria completa,PF,2024-06-07  5:32:49,2024-06-07  5:32:49
1109,Agricultor,Educación secundaria completa,PF,2024-06-07  5:32:49,2024-06-07  5:32:49
1110,Labores de casa,Educación secundaria completa,PF,2024-06-07  5:32:49,2024-06-07  5:32:49
1111,Chofer,Educación secundaria completa,PF,2024-06-07  5:32:49,2024-06-07  5:32:49
1112,Labores de casa,Educación universitaria completa,PF,2024-06-07  5:32:49,2024-06-07  5:32:49
1113,Agricultor,Educación secundaria completa,PF,2024-06-07  5:32:49,2024-06-07  5:32:49
1114,Labores de casa,Educación secundaria completa,PF,2024-06-07  5:32:49,2024-06-07  5:32:49
1115,Medico,Educación universitaria completa,PF,2024-06-07  5:32:49,2024-06-07  5:32:49
1116,Agricultor,Educación secundaria completa,PF,2024-06-07  5:32:49,2024-06-07  5:32:49
1117,Comerciante,Educación secundaria completa,PF,2024-06-07  5:32:49,2024-06-07  5:32:49
1118,Comerciante,Educación universitaria completa,PF,2024-06-07  5:32:49,2024-06-07  5:32:49
1119,Agricultor,Educación secundaria completa,PF,2024-06-07  5:32:49,2024-06-07  5:32:49
1120,Administrador de Empresas,Educación universitaria completa,PF,2024-06-07  5:32:49,2024-06-07  5:32:49
1121,Chofer,Educación técnica o vocacional completa,PF,2024-06-07  5:32:49,2024-06-07  5:32:49
1122,Labores de casa,Educación secundaria completa,PF,2024-06-07  5:32:49,2024-06-07  5:32:49
1123,Bio-Quimica,Educación universitaria completa,PF,2024-06-07  5:32:49,2024-06-07  5:32:49
1124,Labores de casa,Educación secundaria completa,PF,2024-06-07  5:32:49,2024-06-07  5:32:49
1125,Comerciante,Educación técnica o vocacional completa,PF,2024-06-07  5:32:49,2024-06-07  5:32:49
1126,Comerciante,Educación secundaria completa,PF,2024-06-07  5:32:49,2024-06-07  5:32:49
1127,Agricultor,Educación secundaria completa,PF,2024-06-07  5:32:49,2024-06-07  5:32:49
1128,Labores de casa,Educación secundaria completa,PF,2024-06-07  5:32:49,2024-06-07  5:32:49
1129,Agricultor,Educación secundaria completa,PF,2024-06-07  5:32:49,2024-06-07  5:32:49
1130,Labores de casa,Educación secundaria completa,PF,2024-06-07  5:32:49,2024-06-07  5:32:49
1131,Agricola,Educación universitaria completa,PF,2024-06-07  5:32:49,2024-06-07  5:32:49
1132,Comerciante,Educación secundaria completa,PF,2024-06-07  5:32:49,2024-06-07  5:32:49
1133,Agricultor,Educación secundaria completa,PF,2024-06-07  5:32:49,2024-06-07  5:32:49
1134,Profesora,Educación universitaria completa,PF,2024-06-07  5:32:49,2024-06-07  5:32:49
1135,Comerciante,Educación secundaria completa,PF,2024-06-07  5:32:49,2024-06-07  5:32:49
1136,Labores de casa,Educación universitaria completa,PF,2024-06-07  5:32:49,2024-06-07  5:32:49
1137,Chofer,Educación secundaria completa,PF,2024-06-07  5:32:49,2024-06-07  5:32:49
1138,Odontologia,Educación universitaria completa,PF,2024-06-07  5:32:49,2024-06-07  5:32:49
1139,Mecanico,Educación técnica o vocacional completa,PF,2024-06-07  5:32:49,2024-06-07  5:32:49
1140,Labores de casa,Educación primaria completa,PF,2024-06-07  5:32:49,2024-06-07  5:32:49
1141,Agricultor,Educación secundaria completa,PF,2024-06-07  5:32:49,2024-06-07  5:32:49
1142,Labores de casa,Educación secundaria completa,PF,2024-06-07  5:32:49,2024-06-07  5:32:49
1143,Telecomunicacion,Educación técnica o vocacional completa,PF,2024-06-07  5:32:49,2024-06-07  5:32:49
1144,Comerciante,Educación universitaria completa,PF,2024-06-07  5:32:49,2024-06-07  5:32:49
1145,Mecanico,Educación técnica o vocacional completa,PF,2024-06-07  5:32:49,2024-06-07  5:32:49
1146,Comerciante,Educación secundaria completa,PF,2024-06-07  5:32:49,2024-06-07  5:32:49
1147,Comerciante,Educación secundaria completa,PF,2024-06-07  5:32:49,2024-06-07  5:32:49
1148,Labores de casa,Educación técnica o vocacional completa,PF,2024-06-07  5:32:49,2024-06-07  5:32:49
1149,Agricola,Educación secundaria completa,PF,2024-06-07  5:32:49,2024-06-07  5:32:49
1150,Labores de casa,Educación secundaria completa,PF,2024-06-07  5:32:49,2024-06-07  5:32:49
1151,Transportista,Educación técnica o vocacional completa,PF,2024-06-07  5:32:49,2024-06-07  5:32:49
1152,Bio-Quimica,Educación universitaria completa,PF,2024-06-07  5:32:49,2024-06-07  5:32:49
1153,Administracion de Empresas,Educación universitaria completa,PF,2024-06-07  5:32:49,2024-06-07  5:32:49
1154,Labores de casa,Educación secundaria completa,PF,2024-06-07  5:32:49,2024-06-07  5:32:49
1155,Administracion de Empresas,Educación universitaria completa,PF,2024-06-07  5:32:49,2024-06-07  5:32:49
1156,Comerciante,Educación secundaria completa,PF,2024-06-07  5:32:49,2024-06-07  5:32:49
1157,Agricultor,Educación secundaria completa,PF,2024-06-07  5:32:49,2024-06-07  5:32:49
1158,Comerciante,Educación secundaria completa,PF,2024-06-07  5:32:49,2024-06-07  5:32:49
1159,Comerciante,Educación universitaria completa,PF,2024-06-07  5:32:49,2024-06-07  5:32:49
1160,Labores de casa,Educación universitaria completa,PF,2024-06-07  5:32:49,2024-06-07  5:32:49
1161,Comerciante,Educación secundaria completa,PF,2024-06-07  5:32:49,2024-06-07  5:32:49
1162,Labores de casa,Educación secundaria completa,PF,2024-06-07  5:32:49,2024-06-07  5:32:49
1163,Chofer,Educación secundaria completa,PF,2024-06-07  5:32:49,2024-06-07  5:32:49
1164,Labores de casa,Educación universitaria completa,PF,2024-06-07  5:32:49,2024-06-07  5:32:49
1165,Comerciante,Educación secundaria completa,PF,2024-06-07  5:32:49,2024-06-07  5:32:49
1166,Comerciante,Educación universitaria completa,PF,2024-06-07  5:32:49,2024-06-07  5:32:49
1167,Docente,Educación universitaria completa,PF,2024-06-07  5:32:49,2024-06-07  5:32:49
1168,Comerciante,Educación secundaria completa,PF,2024-06-07  5:32:49,2024-06-07  5:32:49
1169,Comerciante,Educación universitaria completa,PF,2024-06-07  5:32:49,2024-06-07  5:32:49
1170,Labores de casa,Educación secundaria completa,PF,2024-06-07  5:32:49,2024-06-07  5:32:49
1171,Agropecuario,Educación secundaria completa,PF,2024-06-07  5:32:49,2024-06-07  5:32:49
1172,Labores de casa,Educación secundaria completa,PF,2024-06-07  5:32:49,2024-06-07  5:32:49
1173,Arquitecto,Educación universitaria completa,PF,2024-06-07  5:32:49,2024-06-07  5:32:49
1174,Reposteria,Educación secundaria completa,PF,2024-06-07  5:32:49,2024-06-07  5:32:49
1175,Comerciante,Educación universitaria completa,PF,2024-06-07  5:32:49,2024-06-07  5:32:49
1176,Labores de casa,Educación universitaria completa,PF,2024-06-07  5:32:49,2024-06-07  5:32:49
1177,Agricultor,Educación secundaria completa,PF,2024-06-07  5:32:49,2024-06-07  5:32:49
1178,Administradora,Educación universitaria completa,PF,2024-06-07  5:32:49,2024-06-07  5:32:49
1179,Servidor Publico,Educación universitaria completa,PF,2024-06-07  5:32:49,2024-06-07  5:32:49
1180,Comerciante,Educación secundaria completa,PF,2024-06-07  5:32:49,2024-06-07  5:32:49
1181,Mecanico,Educación primaria completa,PF,2024-06-07  5:32:49,2024-06-07  5:32:49
1182,Labores de casa,Educación secundaria completa,PF,2024-06-07  5:32:49,2024-06-07  5:32:49
1183,Agricultor,Educación secundaria completa,PF,2024-06-07  5:32:49,2024-06-07  5:32:49
1184,Comerciante,Educación secundaria completa,PF,2024-06-07  5:32:49,2024-06-07  5:32:49
1185,Administrador,Educación universitaria completa,PF,2024-06-07  5:32:49,2024-06-07  5:32:49
1186,Comerciante,Educación secundaria completa,PF,2024-06-07  5:32:49,2024-06-07  5:32:49
1187,Chofer,Educación universitaria completa,PF,2024-06-07  5:32:49,2024-06-07  5:32:49
1188,Comerciante,Educación universitaria completa,PF,2024-06-07  5:32:49,2024-06-07  5:32:49
1189,Chofer,Educación secundaria completa,PF,2024-06-07  5:32:49,2024-06-07  5:32:49
1190,Contadora,Educación universitaria completa,PF,2024-06-07  5:32:49,2024-06-07  5:32:49
1191,Agricultor,Educación universitaria completa,PF,2024-06-07  5:32:49,2024-06-07  5:32:49
1192,Quimica,Educación universitaria completa,PF,2024-06-07  5:32:49,2024-06-07  5:32:49
1193,Avicultor,Educación secundaria completa,PF,2024-06-07  5:32:49,2024-06-07  5:32:49
1194,Labores de casa,Educación secundaria completa,PF,2024-06-07  5:32:49,2024-06-07  5:32:49
1195,Cajero,Educación técnica o vocacional completa,PF,2024-06-07  5:32:49,2024-06-07  5:32:49
1196,Comerciante,Educación secundaria completa,PF,2024-06-07  5:32:49,2024-06-07  5:32:49
1197,Servidor Publico,Educación técnica o vocacional completa,PF,2024-06-07  5:32:49,2024-06-07  5:32:49
1198,Labores de casa,Educación técnica o vocacional completa,PF,2024-06-07  5:32:49,2024-06-07  5:32:49
1199,Chofer,Educación primaria completa,PF,2024-06-07  5:32:49,2024-06-07  5:32:49
1200,Bioquimica y farmacia,Educación universitaria completa,PF,2024-06-07  5:32:49,2024-06-07  5:32:49
1201,Agricultor,Educación secundaria completa,PF,2024-06-07  5:32:49,2024-06-07  5:32:49
1202,Labores de casa,Educación secundaria completa,PF,2024-06-07  5:32:49,2024-06-07  5:32:49
1203,Agricultor,Educación secundaria completa,PF,2024-06-07  5:32:49,2024-06-07  5:32:49
1204,Labores de casa,Educación secundaria completa,PF,2024-06-07  5:32:49,2024-06-07  5:32:49
1205,Medico,Educación universitaria completa,PF,2024-06-07  5:32:49,2024-06-07  5:32:49
1206,Labores de casa,Educación secundaria completa,PF,2024-06-07  5:32:49,2024-06-07  5:32:49
1207,Agricultor,Educación secundaria completa,PF,2024-06-07  5:32:49,2024-06-07  5:32:49
1208,Labores de casa,Educación universitaria completa,PF,2024-06-07  5:32:49,2024-06-07  5:32:49
1209,Medico,Educación universitaria completa,PF,2024-06-07  5:32:49,2024-06-07  5:32:49
1210,Labores de casa,Educación secundaria completa,PF,2024-06-07  5:32:49,2024-06-07  5:32:49
1211,Odontologo,Educación universitaria completa,PF,2024-06-07  5:32:49,2024-06-07  5:32:49
1212,Labores de casa,Educación universitaria completa,PF,2024-06-07  5:32:49,2024-06-07  5:32:49
1213,Tornero,Educación técnica o vocacional completa,PF,2024-06-07  5:32:49,2024-06-07  5:32:49
1214,Labores de casa,Educación técnica o vocacional completa,PF,2024-06-07  5:32:49,2024-06-07  5:32:49
1215,Chofer,Educación universitaria completa,PF,2024-06-07  5:32:49,2024-06-07  5:32:49
1216,Contador,Educación universitaria completa,PF,2024-06-07  5:32:49,2024-06-07  5:32:49
1217,Comerciante,Educación universitaria completa,PF,2024-06-07  5:32:49,2024-06-07  5:32:49
1218,Docente,Educación universitaria completa,PF,2024-06-07  5:32:49,2024-06-07  5:32:49
1219,Agricultor,Educación secundaria completa,PF,2024-06-07  5:32:49,2024-06-07  5:32:49
1220,Labores de casa,Educación secundaria completa,PF,2024-06-07  5:32:49,2024-06-07  5:32:49
1221,Agricultor,Educación primaria completa,PF,2024-06-07  5:32:49,2024-06-07  5:32:49
1222,Agricultor,Educación secundaria completa,PF,2024-06-07  5:32:49,2024-06-07  5:32:49
1223,Policia,Educación secundaria completa,PF,2024-06-07  5:32:49,2024-06-07  5:32:49
1224,Secretaria,Educación universitaria completa,PF,2024-06-07  5:32:49,2024-06-07  5:32:49
1225,Comerciante,Educación universitaria completa,PF,2024-06-07  5:32:49,2024-06-07  5:32:49
1226,Labores de casa,Educación secundaria completa,PF,2024-06-07  5:32:49,2024-06-07  5:32:49
1227,Comerciante,Educación universitaria completa,PF,2024-06-07  5:32:49,2024-06-07  5:32:49
1228,Odontologo,Educación universitaria completa,PF,2024-06-07  5:32:49,2024-06-07  5:32:49
1229,Bio-Quimica,Educación universitaria completa,PF,2024-06-07  5:32:49,2024-06-07  5:32:49
1230,Labores de casa,Educación secundaria completa,PF,2024-06-07  5:32:49,2024-06-07  5:32:49
1231,Agricultor,Educación secundaria completa,PF,2024-06-07  5:32:49,2024-06-07  5:32:49
1232,Labores de casa,Educación primaria completa,PF,2024-06-07  5:32:49,2024-06-07  5:32:49
1233,Servidor Publico,Educación universitaria completa,PF,2024-06-07  5:32:49,2024-06-07  5:32:49
1234,Labores de casa,Educación secundaria completa,PF,2024-06-07  5:32:49,2024-06-07  5:32:49
1235,Comerciante,Educación secundaria completa,PF,2024-06-07  5:32:49,2024-06-07  5:32:49
1236,Docente,Educación universitaria completa,PF,2024-06-07  5:32:49,2024-06-07  5:32:49
1237,Comerciante,Educación secundaria completa,PF,2024-06-07  5:32:49,2024-06-07  5:32:49
1238,Labores de casa,Educación secundaria completa,PF,2024-06-07  5:32:49,2024-06-07  5:32:49
1239,Agricultor,Educación secundaria completa,PF,2024-06-07  5:32:49,2024-06-07  5:32:49
1240,Labores de casa,Educación secundaria completa,PF,2024-06-07  5:32:49,2024-06-07  5:32:49
1241,Agricultor,Educación secundaria completa,PF,2024-06-07  5:32:49,2024-06-07  5:32:49
1242,Comerciante,Educación secundaria completa,PF,2024-06-07  5:32:49,2024-06-07  5:32:49
1243,Chofer,Educación secundaria completa,PF,2024-06-07  5:32:49,2024-06-07  5:32:49
1244,Comerciante,Educación secundaria completa,PF,2024-06-07  5:32:49,2024-06-07  5:32:49
1245,Servidor Publico,Educación universitaria completa,PF,2024-06-07  5:32:49,2024-06-07  5:32:49
1246,Labores de casa,Educación secundaria completa,PF,2024-06-07  5:32:49,2024-06-07  5:32:49
1247,Agricultor,Educación secundaria completa,PF,2024-06-07  5:32:49,2024-06-07  5:32:49
1248,Notario,Educación universitaria completa,PF,2024-06-07  5:32:49,2024-06-07  5:32:49
1249,Transportista,Educación universitaria completa,PF,2024-06-07  5:32:49,2024-06-07  5:32:49
1250,Comerciante,Educación técnica o vocacional completa,PF,2024-06-07  5:32:49,2024-06-07  5:32:49
1251,Transportista,Educación primaria completa,PF,2024-06-07  5:32:49,2024-06-07  5:32:49
1252,bioquimica,Educación universitaria completa,PF,2024-06-07  5:32:49,2024-06-07  5:32:49
1253,Comerciante,Educación primaria completa,PF,2024-06-07  5:32:49,2024-06-07  5:32:49
1254,Relaciones Publicas,Educación universitaria completa,PF,2024-06-07  5:32:49,2024-06-07  5:32:49
1255,Agricultor,Educación primaria completa,PF,2024-06-07  5:32:49,2024-06-07  5:32:49
1256,Profesora,Educación universitaria completa,PF,2024-06-07  5:32:49,2024-06-07  5:32:49
1257,Chofer,Educación secundaria completa,PF,2024-06-07  5:32:49,2024-06-07  5:32:49
1258,Labores de casa,Educación primaria completa,PF,2024-06-07  5:32:49,2024-06-07  5:32:49
1259,Comerciante,Educación universitaria completa,PF,2024-06-07  5:32:49,2024-06-07  5:32:49
1260,Comerciante,Educación universitaria completa,PF,2024-06-07  5:32:49,2024-06-07  5:32:49
1261,Comerciante,Educación universitaria completa,PF,2024-06-07  5:32:49,2024-06-07  5:32:49
1262,Comerciante,Educación universitaria completa,PF,2024-06-07  5:32:49,2024-06-07  5:32:49
1263,Medico,Educación universitaria completa,PF,2024-06-07  5:32:49,2024-06-07  5:32:49
1264,Asesor de seguros,Educación universitaria completa,PF,2024-06-07  5:32:49,2024-06-07  5:32:49
1265,Veterinario,Educación universitaria completa,PF,2024-06-07  5:32:49,2024-06-07  5:32:49
1266,Labores de casa,Educación técnica o vocacional completa,PF,2024-06-07  5:32:49,2024-06-07  5:32:49
1267,Medico,Educación técnica o vocacional completa,PF,2024-06-07  5:32:49,2024-06-07  5:32:49
1268,Profesora,Educación técnica o vocacional completa,PF,2024-06-07  5:32:49,2024-06-07  5:32:49
1269,Agricultor,Educación secundaria completa,PF,2024-06-07  5:32:49,2024-06-07  5:32:49
1270,Comerciante,Educación secundaria completa,PF,2024-06-07  5:32:49,2024-06-07  5:32:49
1271,Agricultor,Educación secundaria completa,PF,2024-06-07  5:32:49,2024-06-07  5:32:49
1272,contadora,Educación universitaria completa,PF,2024-06-07  5:32:49,2024-06-07  5:32:49
1273,Chofer,Educación primaria completa,PF,2024-06-07  5:32:49,2024-06-07  5:32:49
1274,Labores de casa,Educación secundaria completa,PF,2024-06-07  5:32:49,2024-06-07  5:32:49
1275,Agricultor,Educación secundaria completa,PF,2024-06-07  5:32:49,2024-06-07  5:32:49
1276,Labores de casa,Educación universitaria completa,PF,2024-06-07  5:32:49,2024-06-07  5:32:49
1277,Profesor ,Educación técnica o vocacional completa,PF,2024-06-07  5:32:49,2024-06-07  5:32:49
1278,Labores de casa,Educación secundaria completa,PF,2024-06-07  5:32:49,2024-06-07  5:32:49
1279,Comerciante,Educación universitaria completa,PF,2024-06-07  5:32:49,2024-06-07  5:32:49
1280,Modista,Educación secundaria completa,PF,2024-06-07  5:32:49,2024-06-07  5:32:49
1281,Agricultor,Educación secundaria completa,PF,2024-06-07  5:32:49,2024-06-07  5:32:49
1282,Labores de casa,Educación secundaria completa,PF,2024-06-07  5:32:49,2024-06-07  5:32:49
1283,Docente,Educación universitaria completa,PF,2024-06-07  5:32:49,2024-06-07  5:32:49
1284,ABOGADA,Educación universitaria completa,PF,2024-06-07  5:32:49,2024-06-07  5:32:49
1285,Comerciante,Educación secundaria completa,PF,2024-06-07  5:32:49,2024-06-07  5:32:49
1286,Profesora,Educación técnica o vocacional completa,PF,2024-06-07  5:32:49,2024-06-07  5:32:49
1287,Odontologo,Educación universitaria completa,PF,2024-06-07  5:32:49,2024-06-07  5:32:49
1288,Auditora,Educación universitaria completa,PF,2024-06-07  5:32:49,2024-06-07  5:32:49
1289,Chofer,Educación secundaria completa,PF,2024-06-07  5:32:49,2024-06-07  5:32:49
1290,Comerciante,Educación secundaria completa,PF,2024-06-07  5:32:49,2024-06-07  5:32:49
1291,Comerciante,Educación secundaria completa,PF,2024-06-07  5:32:49,2024-06-07  5:32:49
1292,Bio-Quimica,Educación técnica o vocacional completa,PF,2024-06-07  5:32:49,2024-06-07  5:32:49
1293,Transportista,Educación secundaria completa,PF,2024-06-07  5:32:49,2024-06-07  5:32:49
1294,Bio-Quimica,Educación universitaria completa,PF,2024-06-07  5:32:49,2024-06-07  5:32:49
1295,Administrador,Educación universitaria completa,PF,2024-06-07  5:32:49,2024-06-07  5:32:49
1296,Chef,Educación universitaria completa,PF,2024-06-07  5:32:49,2024-06-07  5:32:49
1297,Servidor Publico,Educación técnica o vocacional completa,PF,2024-06-07  5:32:49,2024-06-07  5:32:49
1298,Comerciante,Educación secundaria completa,PF,2024-06-07  5:32:49,2024-06-07  5:32:49
1299,Agricultor,Educación secundaria completa,PF,2024-06-07  5:32:49,2024-06-07  5:32:49
1300,Labores de casa,Educación secundaria completa,PF,2024-06-07  5:32:49,2024-06-07  5:32:49
1301,Agricultor,Educación secundaria completa,PF,2024-06-07  5:32:49,2024-06-07  5:32:49
1302,Comerciante,Educación universitaria completa,PF,2024-06-07  5:32:49,2024-06-07  5:32:49
1303,Obrero,Educación secundaria completa,PF,2024-06-07  5:32:49,2024-06-07  5:32:49
1304,Odontologo,Educación universitaria completa,PF,2024-06-07  5:32:49,2024-06-07  5:32:49
1305,Contratista,Educación universitaria completa,PF,2024-06-07  5:32:49,2024-06-07  5:32:49
1306,Doctora,Educación universitaria completa,PF,2024-06-07  5:32:49,2024-06-07  5:32:49
1307,Contador General,Educación técnica o vocacional completa,PF,2024-06-07  5:32:49,2024-06-07  5:32:49
1308,Labores de casa,Educación secundaria completa,PF,2024-06-07  5:32:49,2024-06-07  5:32:49
1309,Comerciante,Educación secundaria completa,PF,2024-06-07  5:32:49,2024-06-07  5:32:49
1310,Labores de casa,Educación universitaria completa,PF,2024-06-07  5:32:49,2024-06-07  5:32:49
1311,Comerciante,Educación secundaria completa,PF,2024-06-07  5:32:49,2024-06-07  5:32:49
1312,Labores de casa,Educación secundaria completa,PF,2024-06-07  5:32:49,2024-06-07  5:32:49
1313,Comerciante,Educación universitaria completa,PF,2024-06-07  5:32:49,2024-06-07  5:32:49
1314,Contadora,Educación técnica o vocacional completa,PF,2024-06-07  5:32:49,2024-06-07  5:32:49
1315,Medico,Educación universitaria completa,PF,2024-06-07  5:32:49,2024-06-07  5:32:49
1316,Comerciante,Educación secundaria completa,PF,2024-06-07  5:32:49,2024-06-07  5:32:49
1317,Artesano,Educación secundaria completa,PF,2024-06-07  5:32:49,2024-06-07  5:32:49
1318,Labores de casa,Educación secundaria completa,PF,2024-06-07  5:32:49,2024-06-07  5:32:49
1319,Agricultor,Educación secundaria completa,PF,2024-06-07  5:32:49,2024-06-07  5:32:49
1320,Labores de casa,Educación universitaria completa,PF,2024-06-07  5:32:49,2024-06-07  5:32:49
1321,Chofer,Educación secundaria completa,PF,2024-06-07  5:32:49,2024-06-07  5:32:49
1322,Labores de casa,Educación secundaria completa,PF,2024-06-07  5:32:49,2024-06-07  5:32:49
1323,Agricultor,Educación secundaria completa,PF,2024-06-07  5:32:49,2024-06-07  5:32:49
1324,Agricultor,Educación secundaria completa,PF,2024-06-07  5:32:49,2024-06-07  5:32:49
1325,Medico,Educación universitaria completa,PF,2024-06-07  5:32:49,2024-06-07  5:32:49
1326,Comerciante,Educación universitaria completa,PF,2024-06-07  5:32:49,2024-06-07  5:32:49
1327,Comerciante,Educación secundaria completa,PF,2024-06-07  5:32:49,2024-06-07  5:32:49
1328,Administrador de Empresas,Educación universitaria completa,PF,2024-06-07  5:32:49,2024-06-07  5:32:49
1329,Agricultor,Educación secundaria completa,PF,2024-06-07  5:32:49,2024-06-07  5:32:49
1330,Labores de casa,Educación secundaria completa,PF,2024-06-07  5:32:49,2024-06-07  5:32:49
1331,Chofer,Educación técnica o vocacional completa,PF,2024-06-07  5:32:49,2024-06-07  5:32:49
1332,Labores de casa,Educación secundaria completa,PF,2024-06-07  5:32:49,2024-06-07  5:32:49
1333,Bio-Quimica,Educación universitaria completa,PF,2024-06-07  5:32:49,2024-06-07  5:32:49
1334,Comerciante,Educación secundaria completa,PF,2024-06-07  5:32:49,2024-06-07  5:32:49
1335,Comerciante,Educación técnica o vocacional completa,PF,2024-06-07  5:32:49,2024-06-07  5:32:49
1336,Labores de casa,Educación secundaria completa,PF,2024-06-07  5:32:49,2024-06-07  5:32:49
1337,Agricultor,Educación secundaria completa,PF,2024-06-07  5:32:49,2024-06-07  5:32:49
1338,Labores de casa,Educación secundaria completa,PF,2024-06-07  5:32:49,2024-06-07  5:32:49
1339,Agricultor,Educación secundaria completa,PF,2024-06-07  5:32:49,2024-06-07  5:32:49
1340,Comerciante,Educación secundaria completa,PF,2024-06-07  5:32:49,2024-06-07  5:32:49
1341,Agricola,Educación universitaria completa,PF,2024-06-07  5:32:49,2024-06-07  5:32:49
1342,Profesora,Educación universitaria completa,PF,2024-06-07  5:32:49,2024-06-07  5:32:49
1343,Agricultor,Educación secundaria completa,PF,2024-06-07  5:32:49,2024-06-07  5:32:49
1344,Labores de casa,Educación universitaria completa,PF,2024-06-07  5:32:49,2024-06-07  5:32:49
1345,Comerciante,Educación secundaria completa,PF,2024-06-07  5:32:49,2024-06-07  5:32:49
1346,Odontologia,Educación universitaria completa,PF,2024-06-07  5:32:49,2024-06-07  5:32:49
1347,Chofer,Educación secundaria completa,PF,2024-06-07  5:32:49,2024-06-07  5:32:49
1348,Labores de casa,Educación primaria completa,PF,2024-06-07  5:32:49,2024-06-07  5:32:49
1349,Mecanico,Educación técnica o vocacional completa,PF,2024-06-07  5:32:49,2024-06-07  5:32:49
1350,Labores de casa,Educación secundaria completa,PF,2024-06-07  5:32:49,2024-06-07  5:32:49
1351,Agricultor,Educación secundaria completa,PF,2024-06-07  5:32:49,2024-06-07  5:32:49
1352,Comerciante,Educación universitaria completa,PF,2024-06-07  5:32:49,2024-06-07  5:32:49
1353,Telecomunicacion,Educación técnica o vocacional completa,PF,2024-06-07  5:32:49,2024-06-07  5:32:49
1354,Comerciante,Educación secundaria completa,PF,2024-06-07  5:32:49,2024-06-07  5:32:49
1355,Mecanico,Educación técnica o vocacional completa,PF,2024-06-07  5:32:49,2024-06-07  5:32:49
1356,Labores de casa,Educación técnica o vocacional completa,PF,2024-06-07  5:32:49,2024-06-07  5:32:49
1357,Comerciante,Educación secundaria completa,PF,2024-06-07  5:32:49,2024-06-07  5:32:49
1358,Labores de casa,Educación secundaria completa,PF,2024-06-07  5:32:49,2024-06-07  5:32:49
1359,Agricola,Educación secundaria completa,PF,2024-06-07  5:32:49,2024-06-07  5:32:49
1360,Bio-Quimica,Educación universitaria completa,PF,2024-06-07  5:32:49,2024-06-07  5:32:49
1361,Transportista,Educación técnica o vocacional completa,PF,2024-06-07  5:32:49,2024-06-07  5:32:49
1362,Labores de casa,Educación secundaria completa,PF,2024-06-07  5:32:49,2024-06-07  5:32:49
1363,Administracion de Empresas,Educación universitaria completa,PF,2024-06-07  5:32:49,2024-06-07  5:32:49
1364,Comerciante,Educación secundaria completa,PF,2024-06-07  5:32:49,2024-06-07  5:32:49
1365,Administracion de Empresas,Educación universitaria completa,PF,2024-06-07  5:32:49,2024-06-07  5:32:49
1366,Comerciante,Educación secundaria completa,PF,2024-06-07  5:32:49,2024-06-07  5:32:49
1367,Agricultor,Educación secundaria completa,PF,2024-06-07  5:32:49,2024-06-07  5:32:49
1368,Labores de casa,Educación universitaria completa,PF,2024-06-07  5:32:49,2024-06-07  5:32:49
1369,Comerciante,Educación universitaria completa,PF,2024-06-07  5:32:49,2024-06-07  5:32:49
1370,Labores de casa,Educación secundaria completa,PF,2024-06-07  5:32:49,2024-06-07  5:32:49
1371,Comerciante,Educación secundaria completa,PF,2024-06-07  5:32:49,2024-06-07  5:32:49
1372,Labores de casa,Educación universitaria completa,PF,2024-06-07  5:32:49,2024-06-07  5:32:49
1373,Chofer,Educación secundaria completa,PF,2024-06-07  5:32:49,2024-06-07  5:32:49
1374,Comerciante,Educación universitaria completa,PF,2024-06-07  5:32:49,2024-06-07  5:32:49
1375,Comerciante,Educación secundaria completa,PF,2024-06-07  5:32:49,2024-06-07  5:32:49
1376,Comerciante,Educación secundaria completa,PF,2024-06-07  5:32:49,2024-06-07  5:32:49
1377,Docente,Educación universitaria completa,PF,2024-06-07  5:32:49,2024-06-07  5:32:49
1378,Labores de casa,Educación secundaria completa,PF,2024-06-07  5:32:49,2024-06-07  5:32:49
1379,Comerciante,Educación universitaria completa,PF,2024-06-07  5:32:49,2024-06-07  5:32:49
1380,Labores de casa,Educación secundaria completa,PF,2024-06-07  5:32:49,2024-06-07  5:32:49
1381,Agropecuario,Educación secundaria completa,PF,2024-06-07  5:32:49,2024-06-07  5:32:49
1382,Reposteria,Educación secundaria completa,PF,2024-06-07  5:32:49,2024-06-07  5:32:49
1383,Arquitecto,Educación universitaria completa,PF,2024-06-07  5:32:49,2024-06-07  5:32:49
1384,Labores de casa,Educación universitaria completa,PF,2024-06-07  5:32:49,2024-06-07  5:32:49
1385,Comerciante,Educación universitaria completa,PF,2024-06-07  5:32:49,2024-06-07  5:32:49
1386,Administradora,Educación universitaria completa,PF,2024-06-07  5:32:49,2024-06-07  5:32:49
1387,Agricultor,Educación secundaria completa,PF,2024-06-07  5:32:49,2024-06-07  5:32:49
1388,Comerciante,Educación secundaria completa,PF,2024-06-07  5:32:49,2024-06-07  5:32:49
1389,Servidor Publico,Educación universitaria completa,PF,2024-06-07  5:32:49,2024-06-07  5:32:49
1390,Labores de casa,Educación secundaria completa,PF,2024-06-07  5:32:49,2024-06-07  5:32:49
1391,Mecanico,Educación primaria completa,PF,2024-06-07  5:32:49,2024-06-07  5:32:49
1392,Comerciante,Educación secundaria completa,PF,2024-06-07  5:32:49,2024-06-07  5:32:49
1393,Agricultor,Educación secundaria completa,PF,2024-06-07  5:32:49,2024-06-07  5:32:49
1394,Comerciante,Educación secundaria completa,PF,2024-06-07  5:32:49,2024-06-07  5:32:49
1395,Administrador,Educación universitaria completa,PF,2024-06-07  5:32:49,2024-06-07  5:32:49
1396,Comerciante,Educación universitaria completa,PF,2024-06-07  5:32:49,2024-06-07  5:32:49
1397,Chofer,Educación universitaria completa,PF,2024-06-07  5:32:49,2024-06-07  5:32:49
1398,Contadora,Educación universitaria completa,PF,2024-06-07  5:32:49,2024-06-07  5:32:49
1399,Chofer,Educación secundaria completa,PF,2024-06-07  5:32:49,2024-06-07  5:32:49
1400,Quimica,Educación universitaria completa,PF,2024-06-07  5:32:49,2024-06-07  5:32:49
1401,Agricultor,Educación universitaria completa,PF,2024-06-07  5:32:49,2024-06-07  5:32:49
1402,Labores de casa,Educación secundaria completa,PF,2024-06-07  5:32:49,2024-06-07  5:32:49
1403,Avicultor,Educación secundaria completa,PF,2024-06-07  5:32:49,2024-06-07  5:32:49
1404,Comerciante,Educación secundaria completa,PF,2024-06-07  5:32:49,2024-06-07  5:32:49
1405,Cajero,Educación técnica o vocacional completa,PF,2024-06-07  5:32:49,2024-06-07  5:32:49
1406,Labores de casa,Educación técnica o vocacional completa,PF,2024-06-07  5:32:49,2024-06-07  5:32:49
1407,Servidor Publico,Educación técnica o vocacional completa,PF,2024-06-07  5:32:49,2024-06-07  5:32:49
1408,Bioquimica y farmacia,Educación universitaria completa,PF,2024-06-07  5:32:49,2024-06-07  5:32:49
1409,Chofer,Educación primaria completa,PF,2024-06-07  5:32:49,2024-06-07  5:32:49
1410,Labores de casa,Educación secundaria completa,PF,2024-06-07  5:32:49,2024-06-07  5:32:49
1411,Agricultor,Educación secundaria completa,PF,2024-06-07  5:32:49,2024-06-07  5:32:49
1412,Labores de casa,Educación secundaria completa,PF,2024-06-07  5:32:49,2024-06-07  5:32:49
1413,Agricultor,Educación secundaria completa,PF,2024-06-07  5:32:49,2024-06-07  5:32:49
1414,Labores de casa,Educación secundaria completa,PF,2024-06-07  5:32:49,2024-06-07  5:32:49
1415,Medico,Educación universitaria completa,PF,2024-06-07  5:32:49,2024-06-07  5:32:49
1416,Labores de casa,Educación universitaria completa,PF,2024-06-07  5:32:49,2024-06-07  5:32:49
1417,Agricultor,Educación secundaria completa,PF,2024-06-07  5:32:49,2024-06-07  5:32:49
1418,Labores de casa,Educación secundaria completa,PF,2024-06-07  5:32:49,2024-06-07  5:32:49
1419,Medico,Educación universitaria completa,PF,2024-06-07  5:32:49,2024-06-07  5:32:49
1420,Labores de casa,Educación universitaria completa,PF,2024-06-07  5:32:49,2024-06-07  5:32:49
1421,Odontologo,Educación universitaria completa,PF,2024-06-07  5:32:49,2024-06-07  5:32:49
1422,Labores de casa,Educación técnica o vocacional completa,PF,2024-06-07  5:32:49,2024-06-07  5:32:49
1423,Tornero,Educación técnica o vocacional completa,PF,2024-06-07  5:32:49,2024-06-07  5:32:49
1424,Contador,Educación universitaria completa,PF,2024-06-07  5:32:49,2024-06-07  5:32:49
1425,Chofer,Educación universitaria completa,PF,2024-06-07  5:32:49,2024-06-07  5:32:49
1426,Docente,Educación universitaria completa,PF,2024-06-07  5:32:49,2024-06-07  5:32:49
1427,Comerciante,Educación universitaria completa,PF,2024-06-07  5:32:49,2024-06-07  5:32:49
1428,Labores de casa,Educación secundaria completa,PF,2024-06-07  5:32:49,2024-06-07  5:32:49
1429,Agricultor,Educación secundaria completa,PF,2024-06-07  5:32:49,2024-06-07  5:32:49
1430,Agricultor,Educación secundaria completa,PF,2024-06-07  5:32:49,2024-06-07  5:32:49
1431,Agricultor,Educación primaria completa,PF,2024-06-07  5:32:49,2024-06-07  5:32:49
1432,Secretaria,Educación universitaria completa,PF,2024-06-07  5:32:49,2024-06-07  5:32:49
1433,Policia,Educación secundaria completa,PF,2024-06-07  5:32:49,2024-06-07  5:32:49
1434,Labores de casa,Educación secundaria completa,PF,2024-06-07  5:32:49,2024-06-07  5:32:49
1435,Comerciante,Educación universitaria completa,PF,2024-06-07  5:32:49,2024-06-07  5:32:49
1436,Odontologo,Educación universitaria completa,PF,2024-06-07  5:32:49,2024-06-07  5:32:49
1437,Comerciante,Educación universitaria completa,PF,2024-06-07  5:32:49,2024-06-07  5:32:49
1438,Labores de casa,Educación secundaria completa,PF,2024-06-07  5:32:49,2024-06-07  5:32:49
1439,Bio-Quimica,Educación universitaria completa,PF,2024-06-07  5:32:49,2024-06-07  5:32:49
1440,Labores de casa,Educación primaria completa,PF,2024-06-07  5:32:49,2024-06-07  5:32:49
1441,Agricultor,Educación secundaria completa,PF,2024-06-07  5:32:49,2024-06-07  5:32:49
1442,Labores de casa,Educación secundaria completa,PF,2024-06-07  5:32:49,2024-06-07  5:32:49
1443,Servidor Publico,Educación universitaria completa,PF,2024-06-07  5:32:49,2024-06-07  5:32:49
1444,Docente,Educación universitaria completa,PF,2024-06-07  5:32:49,2024-06-07  5:32:49
1445,Comerciante,Educación secundaria completa,PF,2024-06-07  5:32:49,2024-06-07  5:32:49
1446,Labores de casa,Educación secundaria completa,PF,2024-06-07  5:32:49,2024-06-07  5:32:49
1447,Comerciante,Educación secundaria completa,PF,2024-06-07  5:32:49,2024-06-07  5:32:49
1448,Labores de casa,Educación secundaria completa,PF,2024-06-07  5:32:49,2024-06-07  5:32:49
1449,Agricultor,Educación secundaria completa,PF,2024-06-07  5:32:49,2024-06-07  5:32:49
1450,Comerciante,Educación secundaria completa,PF,2024-06-07  5:32:49,2024-06-07  5:32:49
1451,Agricultor,Educación secundaria completa,PF,2024-06-07  5:32:49,2024-06-07  5:32:49
1452,Comerciante,Educación secundaria completa,PF,2024-06-07  5:32:49,2024-06-07  5:32:49
1453,Chofer,Educación secundaria completa,PF,2024-06-07  5:32:49,2024-06-07  5:32:49
1454,Labores de casa,Educación secundaria completa,PF,2024-06-07  5:32:49,2024-06-07  5:32:49
1455,Servidor Publico,Educación universitaria completa,PF,2024-06-07  5:32:49,2024-06-07  5:32:49
1456,Notario,Educación universitaria completa,PF,2024-06-07  5:32:49,2024-06-07  5:32:49
1457,Agricultor,Educación secundaria completa,PF,2024-06-07  5:32:49,2024-06-07  5:32:49
1458,Comerciante,Educación técnica o vocacional completa,PF,2024-06-07  5:32:49,2024-06-07  5:32:49
1459,Transportista,Educación universitaria completa,PF,2024-06-07  5:32:49,2024-06-07  5:32:49
1460,bioquimica,Educación universitaria completa,PF,2024-06-07  5:32:49,2024-06-07  5:32:49
1461,Transportista,Educación primaria completa,PF,2024-06-07  5:32:49,2024-06-07  5:32:49
1462,Relaciones Publicas,Educación universitaria completa,PF,2024-06-07  5:32:49,2024-06-07  5:32:49
1463,Comerciante,Educación primaria completa,PF,2024-06-07  5:32:49,2024-06-07  5:32:49
1464,Profesora,Educación universitaria completa,PF,2024-06-07  5:32:49,2024-06-07  5:32:49
1465,Agricultor,Educación primaria completa,PF,2024-06-07  5:32:49,2024-06-07  5:32:49
1466,Labores de casa,Educación primaria completa,PF,2024-06-07  5:32:49,2024-06-07  5:32:49
1467,Chofer,Educación secundaria completa,PF,2024-06-07  5:32:49,2024-06-07  5:32:49
1468,Comerciante,Educación universitaria completa,PF,2024-06-07  5:32:49,2024-06-07  5:32:49
1469,Comerciante,Educación universitaria completa,PF,2024-06-07  5:32:49,2024-06-07  5:32:49
1470,Comerciante,Educación universitaria completa,PF,2024-06-07  5:32:49,2024-06-07  5:32:49
1471,Comerciante,Educación universitaria completa,PF,2024-06-07  5:32:49,2024-06-07  5:32:49
1472,Asesor de seguros,Educación universitaria completa,PF,2024-06-07  5:32:49,2024-06-07  5:32:49
1473,Medico,Educación universitaria completa,PF,2024-06-07  5:32:49,2024-06-07  5:32:49
1474,Labores de casa,Educación técnica o vocacional completa,PF,2024-06-07  5:32:49,2024-06-07  5:32:49
1475,Veterinario,Educación universitaria completa,PF,2024-06-07  5:32:49,2024-06-07  5:32:49
1476,Profesora,Educación técnica o vocacional completa,PF,2024-06-07  5:32:49,2024-06-07  5:32:49
1477,Medico,Educación técnica o vocacional completa,PF,2024-06-07  5:32:49,2024-06-07  5:32:49
1478,Comerciante,Educación secundaria completa,PF,2024-06-07  5:32:49,2024-06-07  5:32:49
1479,Agricultor,Educación secundaria completa,PF,2024-06-07  5:32:49,2024-06-07  5:32:49
1480,contadora,Educación universitaria completa,PF,2024-06-07  5:32:49,2024-06-07  5:32:49
1481,Agricultor,Educación secundaria completa,PF,2024-06-07  5:32:49,2024-06-07  5:32:49
1482,Labores de casa,Educación secundaria completa,PF,2024-06-07  5:32:49,2024-06-07  5:32:49
1483,Chofer,Educación primaria completa,PF,2024-06-07  5:32:49,2024-06-07  5:32:49
1484,Labores de casa,Educación universitaria completa,PF,2024-06-07  5:32:49,2024-06-07  5:32:49
1485,Agricultor,Educación secundaria completa,PF,2024-06-07  5:32:49,2024-06-07  5:32:49
1486,Labores de casa,Educación secundaria completa,PF,2024-06-07  5:32:49,2024-06-07  5:32:49
1487,Profesor ,Educación técnica o vocacional completa,PF,2024-06-07  5:32:49,2024-06-07  5:32:49
1488,Modista,Educación secundaria completa,PF,2024-06-07  5:32:49,2024-06-07  5:32:49
1489,Comerciante,Educación universitaria completa,PF,2024-06-07  5:32:49,2024-06-07  5:32:49
1490,Labores de casa,Educación secundaria completa,PF,2024-06-07  5:32:49,2024-06-07  5:32:49
1491,Agricultor,Educación secundaria completa,PF,2024-06-07  5:32:49,2024-06-07  5:32:49
1492,ABOGADA,Educación universitaria completa,PF,2024-06-07  5:32:49,2024-06-07  5:32:49
1493,Docente,Educación universitaria completa,PF,2024-06-07  5:32:49,2024-06-07  5:32:49
1494,Profesora,Educación técnica o vocacional completa,PF,2024-06-07  5:32:49,2024-06-07  5:32:49
1495,Comerciante,Educación secundaria completa,PF,2024-06-07  5:32:49,2024-06-07  5:32:49
1496,Auditora,Educación universitaria completa,PF,2024-06-07  5:32:49,2024-06-07  5:32:49
1497,Odontologo,Educación universitaria completa,PF,2024-06-07  5:32:49,2024-06-07  5:32:49
1498,Comerciante,Educación secundaria completa,PF,2024-06-07  5:32:49,2024-06-07  5:32:49
1499,Chofer,Educación secundaria completa,PF,2024-06-07  5:32:49,2024-06-07  5:32:49
1500,Bio-Quimica,Educación técnica o vocacional completa,PF,2024-06-07  5:32:49,2024-06-07  5:32:49
1501,Comerciante,Educación secundaria completa,PF,2024-06-07  5:32:49,2024-06-07  5:32:49
1502,Bio-Quimica,Educación universitaria completa,PF,2024-06-07  5:32:49,2024-06-07  5:32:49
1503,Transportista,Educación secundaria completa,PF,2024-06-07  5:32:49,2024-06-07  5:32:49
1504,Chef,Educación universitaria completa,PF,2024-06-07  5:32:49,2024-06-07  5:32:49
1505,Administrador,Educación universitaria completa,PF,2024-06-07  5:32:49,2024-06-07  5:32:49
1506,Comerciante,Educación secundaria completa,PF,2024-06-07  5:32:49,2024-06-07  5:32:49
1507,Servidor Publico,Educación técnica o vocacional completa,PF,2024-06-07  5:32:49,2024-06-07  5:32:49
1508,Labores de casa,Educación secundaria completa,PF,2024-06-07  5:32:49,2024-06-07  5:32:49
1509,Agricultor,Educación secundaria completa,PF,2024-06-07  5:32:49,2024-06-07  5:32:49
1510,Comerciante,Educación universitaria completa,PF,2024-06-07  5:32:49,2024-06-07  5:32:49
1511,Agricultor,Educación secundaria completa,PF,2024-06-07  5:32:49,2024-06-07  5:32:49
1512,Odontologo,Educación universitaria completa,PF,2024-06-07  5:32:49,2024-06-07  5:32:49
1513,Obrero,Educación secundaria completa,PF,2024-06-07  5:32:49,2024-06-07  5:32:49
1514,Doctora,Educación universitaria completa,PF,2024-06-07  5:32:49,2024-06-07  5:32:49
1515,Contratista,Educación universitaria completa,PF,2024-06-07  5:32:49,2024-06-07  5:32:49
1516,Labores de casa,Educación secundaria completa,PF,2024-06-07  5:32:49,2024-06-07  5:32:49
1517,Contador General,Educación técnica o vocacional completa,PF,2024-06-07  5:32:49,2024-06-07  5:32:49
1518,Labores de casa,Educación universitaria completa,PF,2024-06-07  5:32:49,2024-06-07  5:32:49
1519,Comerciante,Educación secundaria completa,PF,2024-06-07  5:32:49,2024-06-07  5:32:49
1520,Labores de casa,Educación secundaria completa,PF,2024-06-07  5:32:49,2024-06-07  5:32:49
1521,Comerciante,Educación secundaria completa,PF,2024-06-07  5:32:49,2024-06-07  5:32:49
1522,Contadora,Educación técnica o vocacional completa,PF,2024-06-07  5:32:49,2024-06-07  5:32:49
1523,Comerciante,Educación universitaria completa,PF,2024-06-07  5:32:49,2024-06-07  5:32:49
1524,Comerciante,Educación secundaria completa,PF,2024-06-07  5:32:49,2024-06-07  5:32:49
1525,Medico,Educación universitaria completa,PF,2024-06-07  5:32:49,2024-06-07  5:32:49
1526,Labores de casa,Educación secundaria completa,PF,2024-06-07  5:32:49,2024-06-07  5:32:49
1527,Artesano,Educación secundaria completa,PF,2024-06-07  5:32:49,2024-06-07  5:32:49
1528,Labores de casa,Educación universitaria completa,PF,2024-06-07  5:32:49,2024-06-07  5:32:49
1529,Agricultor,Educación secundaria completa,PF,2024-06-07  5:32:49,2024-06-07  5:32:49
1530,Labores de casa,Educación secundaria completa,PF,2024-06-07  5:32:49,2024-06-07  5:32:49
1531,Chofer,Educación secundaria completa,PF,2024-06-07  5:32:49,2024-06-07  5:32:49
1532,Agricultor,Educación secundaria completa,PF,2024-06-07  5:32:49,2024-06-07  5:32:49
1533,Agricultor,Educación secundaria completa,PF,2024-06-07  5:32:49,2024-06-07  5:32:49
1534,Comerciante,Educación universitaria completa,PF,2024-06-07  5:32:49,2024-06-07  5:32:49
1535,Medico,Educación universitaria completa,PF,2024-06-07  5:32:49,2024-06-07  5:32:49
1536,Administrador de Empresas,Educación universitaria completa,PF,2024-06-07  5:32:49,2024-06-07  5:32:49
1537,Comerciante,Educación secundaria completa,PF,2024-06-07  5:32:49,2024-06-07  5:32:49
1538,Labores de casa,Educación secundaria completa,PF,2024-06-07  5:32:49,2024-06-07  5:32:49
1539,Agricultor,Educación secundaria completa,PF,2024-06-07  5:32:49,2024-06-07  5:32:49
1540,Labores de casa,Educación secundaria completa,PF,2024-06-07  5:32:49,2024-06-07  5:32:49
1541,Chofer,Educación técnica o vocacional completa,PF,2024-06-07  5:32:49,2024-06-07  5:32:49
1542,Comerciante,Educación secundaria completa,PF,2024-06-07  5:32:49,2024-06-07  5:32:49
1543,Bio-Quimica,Educación universitaria completa,PF,2024-06-07  5:32:49,2024-06-07  5:32:49
1544,Labores de casa,Educación secundaria completa,PF,2024-06-07  5:32:49,2024-06-07  5:32:49
1545,Comerciante,Educación técnica o vocacional completa,PF,2024-06-07  5:32:49,2024-06-07  5:32:49
1546,Labores de casa,Educación secundaria completa,PF,2024-06-07  5:32:49,2024-06-07  5:32:49
1547,Agricultor,Educación secundaria completa,PF,2024-06-07  5:32:49,2024-06-07  5:32:49
1548,Comerciante,Educación secundaria completa,PF,2024-06-07  5:32:49,2024-06-07  5:32:49
1549,Agricultor,Educación secundaria completa,PF,2024-06-07  5:32:49,2024-06-07  5:32:49
1550,Profesora,Educación universitaria completa,PF,2024-06-07  5:32:49,2024-06-07  5:32:49
1551,Agricola,Educación universitaria completa,PF,2024-06-07  5:32:49,2024-06-07  5:32:49
1552,Labores de casa,Educación universitaria completa,PF,2024-06-07  5:32:49,2024-06-07  5:32:49
1553,Agricultor,Educación secundaria completa,PF,2024-06-07  5:32:49,2024-06-07  5:32:49
1554,Odontologia,Educación universitaria completa,PF,2024-06-07  5:32:49,2024-06-07  5:32:49
1555,Comerciante,Educación secundaria completa,PF,2024-06-07  5:32:49,2024-06-07  5:32:49
1556,Labores de casa,Educación primaria completa,PF,2024-06-07  5:32:49,2024-06-07  5:32:49
1557,Chofer,Educación secundaria completa,PF,2024-06-07  5:32:49,2024-06-07  5:32:49
1558,Labores de casa,Educación secundaria completa,PF,2024-06-07  5:32:49,2024-06-07  5:32:49
1559,Mecanico,Educación técnica o vocacional completa,PF,2024-06-07  5:32:49,2024-06-07  5:32:49
1560,Comerciante,Educación universitaria completa,PF,2024-06-07  5:32:49,2024-06-07  5:32:49
1561,Agricultor,Educación secundaria completa,PF,2024-06-07  5:32:49,2024-06-07  5:32:49
1562,Comerciante,Educación secundaria completa,PF,2024-06-07  5:32:49,2024-06-07  5:32:49
1563,Telecomunicacion,Educación técnica o vocacional completa,PF,2024-06-07  5:32:49,2024-06-07  5:32:49
1564,Labores de casa,Educación técnica o vocacional completa,PF,2024-06-07  5:32:49,2024-06-07  5:32:49
1565,Mecanico,Educación técnica o vocacional completa,PF,2024-06-07  5:32:49,2024-06-07  5:32:49
1566,Labores de casa,Educación secundaria completa,PF,2024-06-07  5:32:49,2024-06-07  5:32:49
1567,Comerciante,Educación secundaria completa,PF,2024-06-07  5:32:49,2024-06-07  5:32:49
1568,Bio-Quimica,Educación universitaria completa,PF,2024-06-07  5:32:49,2024-06-07  5:32:49
1569,Agricola,Educación secundaria completa,PF,2024-06-07  5:32:49,2024-06-07  5:32:49
1570,Labores de casa,Educación secundaria completa,PF,2024-06-07  5:32:49,2024-06-07  5:32:49
1571,Transportista,Educación técnica o vocacional completa,PF,2024-06-07  5:32:49,2024-06-07  5:32:49
1572,Comerciante,Educación secundaria completa,PF,2024-06-07  5:32:49,2024-06-07  5:32:49
1573,Administracion de Empresas,Educación universitaria completa,PF,2024-06-07  5:32:49,2024-06-07  5:32:49
1574,Comerciante,Educación secundaria completa,PF,2024-06-07  5:32:49,2024-06-07  5:32:49
1575,Administracion de Empresas,Educación universitaria completa,PF,2024-06-07  5:32:49,2024-06-07  5:32:49
1576,Labores de casa,Educación universitaria completa,PF,2024-06-07  5:32:49,2024-06-07  5:32:49
1577,Agricultor,Educación secundaria completa,PF,2024-06-07  5:32:49,2024-06-07  5:32:49
1578,Labores de casa,Educación secundaria completa,PF,2024-06-07  5:32:49,2024-06-07  5:32:49
1579,Comerciante,Educación universitaria completa,PF,2024-06-07  5:32:49,2024-06-07  5:32:49
1580,Labores de casa,Educación universitaria completa,PF,2024-06-07  5:32:49,2024-06-07  5:32:49
1581,Comerciante,Educación secundaria completa,PF,2024-06-07  5:32:49,2024-06-07  5:32:49
1582,Comerciante,Educación universitaria completa,PF,2024-06-07  5:32:49,2024-06-07  5:32:49
1583,Chofer,Educación secundaria completa,PF,2024-06-07  5:32:49,2024-06-07  5:32:49
1584,Comerciante,Educación secundaria completa,PF,2024-06-07  5:32:49,2024-06-07  5:32:49
1585,Comerciante,Educación secundaria completa,PF,2024-06-07  5:32:49,2024-06-07  5:32:49
1586,Labores de casa,Educación secundaria completa,PF,2024-06-07  5:32:49,2024-06-07  5:32:49
1587,Docente,Educación universitaria completa,PF,2024-06-07  5:32:49,2024-06-07  5:32:49
1588,Labores de casa,Educación secundaria completa,PF,2024-06-07  5:32:49,2024-06-07  5:32:49
1589,Comerciante,Educación universitaria completa,PF,2024-06-07  5:32:49,2024-06-07  5:32:49
1590,Reposteria,Educación secundaria completa,PF,2024-06-07  5:32:49,2024-06-07  5:32:49
1591,Agropecuario,Educación secundaria completa,PF,2024-06-07  5:32:49,2024-06-07  5:32:49
1592,Labores de casa,Educación universitaria completa,PF,2024-06-07  5:32:49,2024-06-07  5:32:49
1593,Arquitecto,Educación universitaria completa,PF,2024-06-07  5:32:49,2024-06-07  5:32:49
1594,Administradora,Educación universitaria completa,PF,2024-06-07  5:32:49,2024-06-07  5:32:49
1595,Comerciante,Educación universitaria completa,PF,2024-06-07  5:32:49,2024-06-07  5:32:49
1596,Comerciante,Educación secundaria completa,PF,2024-06-07  5:32:49,2024-06-07  5:32:49
1597,Agricultor,Educación secundaria completa,PF,2024-06-07  5:32:49,2024-06-07  5:32:49
1598,Labores de casa,Educación secundaria completa,PF,2024-06-07  5:32:49,2024-06-07  5:32:49
1599,Servidor Publico,Educación universitaria completa,PF,2024-06-07  5:32:49,2024-06-07  5:32:49
1600,Comerciante,Educación secundaria completa,PF,2024-06-07  5:32:49,2024-06-07  5:32:49
1601,Mecanico,Educación primaria completa,PF,2024-06-07  5:32:49,2024-06-07  5:32:49
1602,Comerciante,Educación secundaria completa,PF,2024-06-07  5:32:49,2024-06-07  5:32:49
1603,Agricultor,Educación secundaria completa,PF,2024-06-07  5:32:49,2024-06-07  5:32:49
1604,Comerciante,Educación universitaria completa,PF,2024-06-07  5:32:49,2024-06-07  5:32:49
1605,Administrador,Educación universitaria completa,PF,2024-06-07  5:32:49,2024-06-07  5:32:49
1606,Contadora,Educación universitaria completa,PF,2024-06-07  5:32:49,2024-06-07  5:32:49
1607,Chofer,Educación universitaria completa,PF,2024-06-07  5:32:49,2024-06-07  5:32:49
1608,Quimica,Educación universitaria completa,PF,2024-06-07  5:32:49,2024-06-07  5:32:49
1609,Chofer,Educación secundaria completa,PF,2024-06-07  5:32:49,2024-06-07  5:32:49
1610,Labores de casa,Educación secundaria completa,PF,2024-06-07  5:32:49,2024-06-07  5:32:49
1611,Agricultor,Educación universitaria completa,PF,2024-06-07  5:32:49,2024-06-07  5:32:49
1612,Comerciante,Educación secundaria completa,PF,2024-06-07  5:32:49,2024-06-07  5:32:49
1613,Avicultor,Educación secundaria completa,PF,2024-06-07  5:32:49,2024-06-07  5:32:49
1614,Labores de casa,Educación técnica o vocacional completa,PF,2024-06-07  5:32:49,2024-06-07  5:32:49
1615,Cajero,Educación técnica o vocacional completa,PF,2024-06-07  5:32:49,2024-06-07  5:32:49
1616,Bioquimica y farmacia,Educación universitaria completa,PF,2024-06-07  5:32:49,2024-06-07  5:32:49
1617,Servidor Publico,Educación técnica o vocacional completa,PF,2024-06-07  5:32:49,2024-06-07  5:32:49
1618,Labores de casa,Educación secundaria completa,PF,2024-06-07  5:32:49,2024-06-07  5:32:49
1619,Chofer,Educación primaria completa,PF,2024-06-07  5:32:49,2024-06-07  5:32:49
1620,Labores de casa,Educación secundaria completa,PF,2024-06-07  5:32:49,2024-06-07  5:32:49
1621,Agricultor,Educación secundaria completa,PF,2024-06-07  5:32:49,2024-06-07  5:32:49
1622,Labores de casa,Educación secundaria completa,PF,2024-06-07  5:32:49,2024-06-07  5:32:49
1623,Agricultor,Educación secundaria completa,PF,2024-06-07  5:32:49,2024-06-07  5:32:49
1624,Labores de casa,Educación universitaria completa,PF,2024-06-07  5:32:49,2024-06-07  5:32:49
1625,Medico,Educación universitaria completa,PF,2024-06-07  5:32:49,2024-06-07  5:32:49
1626,Labores de casa,Educación secundaria completa,PF,2024-06-07  5:32:49,2024-06-07  5:32:49
1627,Agricultor,Educación secundaria completa,PF,2024-06-07  5:32:49,2024-06-07  5:32:49
1628,Labores de casa,Educación universitaria completa,PF,2024-06-07  5:32:49,2024-06-07  5:32:49
1629,Medico,Educación universitaria completa,PF,2024-06-07  5:32:49,2024-06-07  5:32:49
1630,Labores de casa,Educación técnica o vocacional completa,PF,2024-06-07  5:32:49,2024-06-07  5:32:49
1631,Odontologo,Educación universitaria completa,PF,2024-06-07  5:32:49,2024-06-07  5:32:49
1632,Contador,Educación universitaria completa,PF,2024-06-07  5:32:49,2024-06-07  5:32:49
1633,Tornero,Educación técnica o vocacional completa,PF,2024-06-07  5:32:49,2024-06-07  5:32:49
1634,Docente,Educación universitaria completa,PF,2024-06-07  5:32:49,2024-06-07  5:32:49
1635,Chofer,Educación universitaria completa,PF,2024-06-07  5:32:49,2024-06-07  5:32:49
1636,Labores de casa,Educación secundaria completa,PF,2024-06-07  5:32:49,2024-06-07  5:32:49
1637,Comerciante,Educación universitaria completa,PF,2024-06-07  5:32:49,2024-06-07  5:32:49
1638,Agricultor,Educación secundaria completa,PF,2024-06-07  5:32:49,2024-06-07  5:32:49
1639,Agricultor,Educación secundaria completa,PF,2024-06-07  5:32:49,2024-06-07  5:32:49
1640,Secretaria,Educación universitaria completa,PF,2024-06-07  5:32:49,2024-06-07  5:32:49
1641,Agricultor,Educación primaria completa,PF,2024-06-07  5:32:49,2024-06-07  5:32:49
1642,Labores de casa,Educación secundaria completa,PF,2024-06-07  5:32:49,2024-06-07  5:32:49
1643,Policia,Educación secundaria completa,PF,2024-06-07  5:32:49,2024-06-07  5:32:49
1644,Odontologo,Educación universitaria completa,PF,2024-06-07  5:32:49,2024-06-07  5:32:49
1645,Comerciante,Educación universitaria completa,PF,2024-06-07  5:32:49,2024-06-07  5:32:49
1646,Labores de casa,Educación secundaria completa,PF,2024-06-07  5:32:49,2024-06-07  5:32:49
1647,Comerciante,Educación universitaria completa,PF,2024-06-07  5:32:49,2024-06-07  5:32:49
1648,Labores de casa,Educación primaria completa,PF,2024-06-07  5:32:49,2024-06-07  5:32:49
1649,Bio-Quimica,Educación universitaria completa,PF,2024-06-07  5:32:49,2024-06-07  5:32:49
1650,Labores de casa,Educación secundaria completa,PF,2024-06-07  5:32:49,2024-06-07  5:32:49
1651,Agricultor,Educación secundaria completa,PF,2024-06-07  5:32:49,2024-06-07  5:32:49
1652,Docente,Educación universitaria completa,PF,2024-06-07  5:32:49,2024-06-07  5:32:49
1653,Servidor Publico,Educación universitaria completa,PF,2024-06-07  5:32:49,2024-06-07  5:32:49
1654,Labores de casa,Educación secundaria completa,PF,2024-06-07  5:32:49,2024-06-07  5:32:49
1655,Comerciante,Educación secundaria completa,PF,2024-06-07  5:32:49,2024-06-07  5:32:49
1656,Labores de casa,Educación secundaria completa,PF,2024-06-07  5:32:49,2024-06-07  5:32:49
1657,Comerciante,Educación secundaria completa,PF,2024-06-07  5:32:49,2024-06-07  5:32:49
1658,Comerciante,Educación secundaria completa,PF,2024-06-07  5:32:49,2024-06-07  5:32:49
1659,Agricultor,Educación secundaria completa,PF,2024-06-07  5:32:49,2024-06-07  5:32:49
1660,Comerciante,Educación secundaria completa,PF,2024-06-07  5:32:49,2024-06-07  5:32:49
1661,Agricultor,Educación secundaria completa,PF,2024-06-07  5:32:49,2024-06-07  5:32:49
1662,Labores de casa,Educación secundaria completa,PF,2024-06-07  5:32:49,2024-06-07  5:32:49
1663,Chofer,Educación secundaria completa,PF,2024-06-07  5:32:49,2024-06-07  5:32:49
1664,Notario,Educación universitaria completa,PF,2024-06-07  5:32:49,2024-06-07  5:32:49
1665,Servidor Publico,Educación universitaria completa,PF,2024-06-07  5:32:49,2024-06-07  5:32:49
1666,Comerciante,Educación técnica o vocacional completa,PF,2024-06-07  5:32:49,2024-06-07  5:32:49
1667,Agricultor,Educación secundaria completa,PF,2024-06-07  5:32:49,2024-06-07  5:32:49
1668,bioquimica,Educación universitaria completa,PF,2024-06-07  5:32:49,2024-06-07  5:32:49
1669,Transportista,Educación universitaria completa,PF,2024-06-07  5:32:49,2024-06-07  5:32:49
1670,Relaciones Publicas,Educación universitaria completa,PF,2024-06-07  5:32:49,2024-06-07  5:32:49
1671,Transportista,Educación primaria completa,PF,2024-06-07  5:32:49,2024-06-07  5:32:49
1672,Profesora,Educación universitaria completa,PF,2024-06-07  5:32:49,2024-06-07  5:32:49
1673,Comerciante,Educación primaria completa,PF,2024-06-07  5:32:49,2024-06-07  5:32:49
1674,Labores de casa,Educación primaria completa,PF,2024-06-07  5:32:49,2024-06-07  5:32:49
1675,Agricultor,Educación primaria completa,PF,2024-06-07  5:32:49,2024-06-07  5:32:49
1676,Comerciante,Educación universitaria completa,PF,2024-06-07  5:32:49,2024-06-07  5:32:49
1677,Chofer,Educación secundaria completa,PF,2024-06-07  5:32:49,2024-06-07  5:32:49
1678,Comerciante,Educación universitaria completa,PF,2024-06-07  5:32:49,2024-06-07  5:32:49
1679,Comerciante,Educación universitaria completa,PF,2024-06-07  5:32:49,2024-06-07  5:32:49
1680,Asesor de seguros,Educación universitaria completa,PF,2024-06-07  5:32:49,2024-06-07  5:32:49
1681,Comerciante,Educación universitaria completa,PF,2024-06-07  5:32:49,2024-06-07  5:32:49
1682,Labores de casa,Educación técnica o vocacional completa,PF,2024-06-07  5:32:49,2024-06-07  5:32:49
1683,Medico,Educación universitaria completa,PF,2024-06-07  5:32:49,2024-06-07  5:32:49
1684,Profesora,Educación técnica o vocacional completa,PF,2024-06-07  5:32:49,2024-06-07  5:32:49
1685,Veterinario,Educación universitaria completa,PF,2024-06-07  5:32:49,2024-06-07  5:32:49
1686,Comerciante,Educación secundaria completa,PF,2024-06-07  5:32:49,2024-06-07  5:32:49
1687,Medico,Educación técnica o vocacional completa,PF,2024-06-07  5:32:49,2024-06-07  5:32:49
1688,contadora,Educación universitaria completa,PF,2024-06-07  5:32:49,2024-06-07  5:32:49
1689,Agricultor,Educación secundaria completa,PF,2024-06-07  5:32:49,2024-06-07  5:32:49
1690,Labores de casa,Educación secundaria completa,PF,2024-06-07  5:32:49,2024-06-07  5:32:49
1691,Agricultor,Educación secundaria completa,PF,2024-06-07  5:32:49,2024-06-07  5:32:49
1692,Labores de casa,Educación universitaria completa,PF,2024-06-07  5:32:49,2024-06-07  5:32:49
1693,Chofer,Educación primaria completa,PF,2024-06-07  5:32:49,2024-06-07  5:32:49
1694,Labores de casa,Educación secundaria completa,PF,2024-06-07  5:32:49,2024-06-07  5:32:49
1695,Agricultor,Educación secundaria completa,PF,2024-06-07  5:32:49,2024-06-07  5:32:49
1696,Modista,Educación secundaria completa,PF,2024-06-07  5:32:49,2024-06-07  5:32:49
1697,Profesor ,Educación técnica o vocacional completa,PF,2024-06-07  5:32:49,2024-06-07  5:32:49
1698,Labores de casa,Educación secundaria completa,PF,2024-06-07  5:32:49,2024-06-07  5:32:49
1699,Comerciante,Educación universitaria completa,PF,2024-06-07  5:32:49,2024-06-07  5:32:49
1700,ABOGADA,Educación universitaria completa,PF,2024-06-07  5:32:49,2024-06-07  5:32:49
1701,Agricultor,Educación secundaria completa,PF,2024-06-07  5:32:49,2024-06-07  5:32:49
1702,Profesora,Educación técnica o vocacional completa,PF,2024-06-07  5:32:49,2024-06-07  5:32:49
1703,Docente,Educación universitaria completa,PF,2024-06-07  5:32:49,2024-06-07  5:32:49
1704,Auditora,Educación universitaria completa,PF,2024-06-07  5:32:49,2024-06-07  5:32:49
1705,Comerciante,Educación secundaria completa,PF,2024-06-07  5:32:49,2024-06-07  5:32:49
1706,Comerciante,Educación secundaria completa,PF,2024-06-07  5:32:49,2024-06-07  5:32:49
1707,Odontologo,Educación universitaria completa,PF,2024-06-07  5:32:49,2024-06-07  5:32:49
1708,Bio-Quimica,Educación técnica o vocacional completa,PF,2024-06-07  5:32:49,2024-06-07  5:32:49
1709,Chofer,Educación secundaria completa,PF,2024-06-07  5:32:49,2024-06-07  5:32:49
1710,Bio-Quimica,Educación universitaria completa,PF,2024-06-07  5:32:49,2024-06-07  5:32:49
1711,Comerciante,Educación secundaria completa,PF,2024-06-07  5:32:49,2024-06-07  5:32:49
1712,Chef,Educación universitaria completa,PF,2024-06-07  5:32:49,2024-06-07  5:32:49
1713,Transportista,Educación secundaria completa,PF,2024-06-07  5:32:49,2024-06-07  5:32:49
1714,Comerciante,Educación secundaria completa,PF,2024-06-07  5:32:49,2024-06-07  5:32:49
1715,Administrador,Educación universitaria completa,PF,2024-06-07  5:32:49,2024-06-07  5:32:49
1716,Labores de casa,Educación secundaria completa,PF,2024-06-07  5:32:49,2024-06-07  5:32:49
1717,Servidor Publico,Educación técnica o vocacional completa,PF,2024-06-07  5:32:49,2024-06-07  5:32:49
1718,Comerciante,Educación universitaria completa,PF,2024-06-07  5:32:49,2024-06-07  5:32:49
1719,Agricultor,Educación secundaria completa,PF,2024-06-07  5:32:49,2024-06-07  5:32:49
1720,Odontologo,Educación universitaria completa,PF,2024-06-07  5:32:49,2024-06-07  5:32:49
1721,Agricultor,Educación secundaria completa,PF,2024-06-07  5:32:49,2024-06-07  5:32:49
1722,Doctora,Educación universitaria completa,PF,2024-06-07  5:32:49,2024-06-07  5:32:49
1723,Obrero,Educación secundaria completa,PF,2024-06-07  5:32:49,2024-06-07  5:32:49
1724,Labores de casa,Educación secundaria completa,PF,2024-06-07  5:32:49,2024-06-07  5:32:49
1725,Contratista,Educación universitaria completa,PF,2024-06-07  5:32:49,2024-06-07  5:32:49
1726,Labores de casa,Educación universitaria completa,PF,2024-06-07  5:32:49,2024-06-07  5:32:49
1727,Contador General,Educación técnica o vocacional completa,PF,2024-06-07  5:32:49,2024-06-07  5:32:49
1728,Labores de casa,Educación secundaria completa,PF,2024-06-07  5:32:49,2024-06-07  5:32:49
1729,Comerciante,Educación secundaria completa,PF,2024-06-07  5:32:49,2024-06-07  5:32:49
1730,Contadora,Educación técnica o vocacional completa,PF,2024-06-07  5:32:49,2024-06-07  5:32:49
1731,Comerciante,Educación secundaria completa,PF,2024-06-07  5:32:49,2024-06-07  5:32:49
1732,Comerciante,Educación secundaria completa,PF,2024-06-07  5:32:49,2024-06-07  5:32:49
1733,Comerciante,Educación universitaria completa,PF,2024-06-07  5:32:49,2024-06-07  5:32:49
1734,Labores de casa,Educación secundaria completa,PF,2024-06-07  5:32:49,2024-06-07  5:32:49
1735,Medico,Educación universitaria completa,PF,2024-06-07  5:32:49,2024-06-07  5:32:49
1736,Labores de casa,Educación universitaria completa,PF,2024-06-07  5:32:49,2024-06-07  5:32:49
1737,Artesano,Educación secundaria completa,PF,2024-06-07  5:32:49,2024-06-07  5:32:49
1738,Labores de casa,Educación secundaria completa,PF,2024-06-07  5:32:49,2024-06-07  5:32:49
1739,Agricultor,Educación secundaria completa,PF,2024-06-07  5:32:49,2024-06-07  5:32:49
1740,Agricultor,Educación secundaria completa,PF,2024-06-07  5:32:49,2024-06-07  5:32:49
1741,Chofer,Educación secundaria completa,PF,2024-06-07  5:32:49,2024-06-07  5:32:49
1742,Comerciante,Educación universitaria completa,PF,2024-06-07  5:32:49,2024-06-07  5:32:49
1743,Agricultor,Educación secundaria completa,PF,2024-06-07  5:32:49,2024-06-07  5:32:49
1744,Administrador de Empresas,Educación universitaria completa,PF,2024-06-07  5:32:49,2024-06-07  5:32:49
1745,Medico,Educación universitaria completa,PF,2024-06-07  5:32:49,2024-06-07  5:32:49
1746,Labores de casa,Educación secundaria completa,PF,2024-06-07  5:32:49,2024-06-07  5:32:49
1747,Comerciante,Educación secundaria completa,PF,2024-06-07  5:32:49,2024-06-07  5:32:49
1748,Labores de casa,Educación secundaria completa,PF,2024-06-07  5:32:49,2024-06-07  5:32:49
1749,Agricultor,Educación secundaria completa,PF,2024-06-07  5:32:49,2024-06-07  5:32:49
1750,Comerciante,Educación secundaria completa,PF,2024-06-07  5:32:49,2024-06-07  5:32:49
1751,Chofer,Educación técnica o vocacional completa,PF,2024-06-07  5:32:49,2024-06-07  5:32:49
1752,Labores de casa,Educación secundaria completa,PF,2024-06-07  5:32:49,2024-06-07  5:32:49
1753,Bio-Quimica,Educación universitaria completa,PF,2024-06-07  5:32:49,2024-06-07  5:32:49
1754,Labores de casa,Educación secundaria completa,PF,2024-06-07  5:32:49,2024-06-07  5:32:49
1755,Comerciante,Educación técnica o vocacional completa,PF,2024-06-07  5:32:49,2024-06-07  5:32:49
1756,Comerciante,Educación secundaria completa,PF,2024-06-07  5:32:49,2024-06-07  5:32:49
1757,Agricultor,Educación secundaria completa,PF,2024-06-07  5:32:49,2024-06-07  5:32:49
1758,Profesora,Educación universitaria completa,PF,2024-06-07  5:32:49,2024-06-07  5:32:49
1759,Agricultor,Educación secundaria completa,PF,2024-06-07  5:32:49,2024-06-07  5:32:49
1760,Labores de casa,Educación universitaria completa,PF,2024-06-07  5:32:49,2024-06-07  5:32:49
1761,Agricola,Educación universitaria completa,PF,2024-06-07  5:32:49,2024-06-07  5:32:49
1762,Odontologia,Educación universitaria completa,PF,2024-06-07  5:32:49,2024-06-07  5:32:49
1763,Agricultor,Educación secundaria completa,PF,2024-06-07  5:32:49,2024-06-07  5:32:49
1764,Labores de casa,Educación primaria completa,PF,2024-06-07  5:32:49,2024-06-07  5:32:49
1765,Comerciante,Educación secundaria completa,PF,2024-06-07  5:32:49,2024-06-07  5:32:49
1766,Labores de casa,Educación secundaria completa,PF,2024-06-07  5:32:49,2024-06-07  5:32:49
1767,Chofer,Educación secundaria completa,PF,2024-06-07  5:32:49,2024-06-07  5:32:49
1768,Comerciante,Educación universitaria completa,PF,2024-06-07  5:32:49,2024-06-07  5:32:49
1769,Mecanico,Educación técnica o vocacional completa,PF,2024-06-07  5:32:49,2024-06-07  5:32:49
1770,Comerciante,Educación secundaria completa,PF,2024-06-07  5:32:49,2024-06-07  5:32:49
1771,Agricultor,Educación secundaria completa,PF,2024-06-07  5:32:49,2024-06-07  5:32:49
1772,Labores de casa,Educación técnica o vocacional completa,PF,2024-06-07  5:32:49,2024-06-07  5:32:49
1773,Telecomunicacion,Educación técnica o vocacional completa,PF,2024-06-07  5:32:49,2024-06-07  5:32:49
1774,Comerciante,Educación secundaria completa,PF,2024-06-07  5:32:49,2024-06-07  5:32:49
1775,Mecanico,Educación técnica o vocacional completa,PF,2024-06-07  5:32:49,2024-06-07  5:32:49
1776,Profesora,Educación universitaria completa,PF,2024-06-07  5:32:49,2024-06-07  5:32:49
1777,Comerciante,Educación secundaria completa,PF,2024-06-07  5:32:49,2024-06-07  5:32:49
1778,Labores de casa,Educación universitaria completa,PF,2024-06-07  5:32:49,2024-06-07  5:32:49
1779,Agricola,Educación secundaria completa,PF,2024-06-07  5:32:49,2024-06-07  5:32:49
1780,Odontologia,Educación universitaria completa,PF,2024-06-07  5:32:49,2024-06-07  5:32:49
1781,Transportista,Educación técnica o vocacional completa,PF,2024-06-07  5:32:49,2024-06-07  5:32:49
1782,Labores de casa,Educación primaria completa,PF,2024-06-07  5:32:49,2024-06-07  5:32:49
1783,Mecanico,Educación técnica o vocacional completa,PF,2024-06-07  5:32:49,2024-06-07  5:32:49
1784,Labores de casa,Educación secundaria completa,PF,2024-06-07  5:32:49,2024-06-07  5:32:49
1785,Comerciante,Educación secundaria completa,PF,2024-06-07  5:32:49,2024-06-07  5:32:49
1786,Comerciante,Educación universitaria completa,PF,2024-06-07  5:32:49,2024-06-07  5:32:49
1787,Agricola,Educación secundaria completa,PF,2024-06-07  5:32:49,2024-06-07  5:32:49
1788,Comerciante,Educación secundaria completa,PF,2024-06-07  5:32:49,2024-06-07  5:32:49
1789,Transportista,Educación técnica o vocacional completa,PF,2024-06-07  5:32:49,2024-06-07  5:32:49
1790,Labores de casa,Educación técnica o vocacional completa,PF,2024-06-07  5:32:49,2024-06-07  5:32:49
